gi|2765658|emb|Z78533.1|CIZ78533 C.irapeanum 5.8S rRNA gene and ITS1 and ITS2 DNA,CGTAACAAGGTTTCCGTAGGTGAACCTGCGGAAGGATCATTGATGAGACCGTGGAATAAACGATCGAGTGAATCCGGAGGACCGGTGTACTCAGCTCACCGGGGGCATTGCTCCCGTGGTGACCCTGATTTGTTGTTGGGCCGCCTCGGGAGCGTCCATGGCGGGTTTGAACCTCTAGCCCGGCGCAGTTTGGGCGCCAAGCCATATGAAAGCATCACCGGCGAATGGCATTGTCTTCCCCAAAACCCGGAGCGGCGGCGTGCTGTCGCGTGCCCAATGAATTTTGATGACTCTCGCAAACGGGAATCTTGGCTCTTTGCATCGGATGGAAGGACGCAGCGAAATGCGATAAGTGGTGTGAATTGCAAGATCCCGTGAACCATCGAGTCTTTTGAACGCAAGTTGCGCCCGAGGCCATCAGGCTAAGGGCACGCCTGCTTGGGCGTCGCGCTTCGTCTCTCTCCTGCCAATGCTTGCCCGGCATACAGCCAGGCCGGCGTGGTGCGGATGTGAAAGATTGGCCCCTTGTGCCTAGGTGCGGCGGGTCCAAGAGCTGGTGTTTTGATGGCCCGGAACCCGGCAAGAGGTGGACGGATGCTGGCAGCAGCTGCCGTGCGAATCCCCCATGTTGTCGTGCTTGTCGGACAGGCAGGAGAACCCTTCCGAACCCCAATGGAGGGCGGTTGACCGCCATTCGGATGTGACCCCAGGTCAGGCGGGGGCACCCGCTGAGTTTACGC,144,155,241,200,40.4054054054054,59.5945945945946
gi|2765657|emb|Z78532.1|CCZ78532 C.californicum 5.8S rRNA gene and ITS1 and ITS2 DNA,CGTAACAAGGTTTCCGTAGGTGAACCTGCGGAAGGATCATTGTTGAGACAACAGAATATATGATCGAGTGAATCTGGAGGACCTGTGGTAACTCAGCTCGTCGTGGCACTGCTTTTGTCGTGACCCTGCTTTGTTGTTGGGCCTCCTCAAGAGCTTTCATGGCAGGTTTGAACTTTAGTACGGTGCAGTTTGCGCCAAGTCATATAAAGCATCACTGATGAATGACATTATTGTCAGAAAAAATCAGAGGGGCAGTATGCTACTGAGCATGCCAGTGAATTTTTATGACTCTCGCAACGGATATCTTGGCTCTAACATCGATGAAGAACGCAGCTAAATGCGATAAGTGGTGTGAATTGCAGAATCCCGTGAACCATCGAGTCTTTGAACGCAAGTTGCGCTCGAGGCCATCAGGCTAAGGGCACGCCTGCCTGGGCGTCGTGTGTTGCGTCTCTCCTACCAATGCTTGCTTGGCATATCGCTAAGCTGGCATTATACGGATGTGAATGATTGGCCCCTTGTGCCTAGGTGCGGTGGGTCTAAGGATTGTTGCTTTGATGGGTAGGAATGTGGCACGAGGTGGAGAATGCTAACAGTCATAAGGCTGCTATTTGAATCCCCCATGTTGTTGTATTTTTTCGAACCTACACAAGAACCTAATTGAACCCCAATGGAGCTAAAATAACCATTGGGCAGTTGATTTCCATTCAGATGCGACCCCAGGTCAGGCGGGGCCACCCGCTGAGTTGAGGC,184,204,204,161,51.527224435590966,48.472775564409034
gi|2765656|emb|Z78531.1|CFZ78531 C.fasciculatum 5.8S rRNA gene and ITS1 and ITS2 DNA,CGTAACAAGGTTTCCGTAGGTGAACCTGCGGAAGGATCATTGTTGAGACAGCAGAACATACGATCGAGTGAATCCGGAGGACCCGTGGTTACACGGCTCACCGTGGCTTTGCTCTCGTGGTGAACCCGGTTTGCGACCGGGCCGCCTCGGGAACTTTCATGGCGGGTTTGAACGTCTAGCGCGGCGCAGTTTGCGCCAAGTCATATGGAGCGTCACCGATGGATGGCATTTTTGTCAAGAAAAACTCGGAGGGGCGGCGTCTGTTGCGCGTGCCAATGAATTTATGACGACTCTCGGCAACGGGATATCTGGCTCTTGCATCGATGAAGAACGCAGCGAAATGCGATAAGTGGTGTGAATTGCAGAATCCCGCGAACCATCGAGTCTTTGAACGCAAGTTGCGCCCGAGGCCATCAGGCTAAGGGCACGCCTGCCTGGGCGTCGTGTGCTGCGTCTCTCCTGATAATGCTTGATTGGCATGCGGCTAGTCTGTCATTGTGAGGACGTGAAAGATTGGCCCCTTGCGCCTAGGTGCGGCGGGTCTAAGCATCGGTGTTCTGATGGCCCGGAACTTGGCAGTAGGTGGAGGATGCTGGCAGCCGCAAGGCTGCCGTTCGAATCCCCCGTGTTGTCGTACTCGTCAGGCCTACAGAAGAACCTGTTTGAACCCCCAGTGGACGCAAAACCGCCCTCGGGCGGTGATTTCCATTCAGATGCGACCCCAGTCAGGCGGGCCACCCGTGAGTAA,154,167,235,192,42.914438502673804,57.085561497326196
gi|2765655|emb|Z78530.1|CMZ78530 C.margaritaceum 5.8S rRNA gene and ITS1 and ITS2 DNA,CGTAACAAGGTTTCCGTAGGTGAACCTGCGGAAGGATCATTGTTGAAACAACATAATAAACGATTGAGTGAATCTGGAGGACTTGTGGTAATTTGGCTCGCTAGGGATATCCTTTTGTGGTGACCATGATTTGTCATTGGGCCTCATTGAGAGCTTTCATGGCGGGTTTGAACCTCTAGCACGGTCCAGTTTGCACCAAGGTATATAAAGAATCACCGATGAATGACATTATTGCCCCACACAACGTCGGAGGTGTGGTGTGTTAATGTTCATTCCAATGAATTTTGATGACTCTCGGCAGACGGATATCTTGACTCTTGCATCGATGAAGAACGCACCGAAATGTGATAAGTGGTGTGAATTGCAGAATCCCGTGAACCATCGAGTCTTTGAACGCAAGTTGCGCCCGAGGCCATCAGGCTAAGGGCACGCCTGCCTGGGCGTCGTATGTTTTATCTCTCCTTCCAATGCTTGTCCAGCATATAGCTAGGCCATCATTGTGTGGATGTGAAAGATTGGCCCCTTGTGCTTAGGTGCGGTGGGTCTAAGGATATGTGTTTTGATGGTCTGAAACTTGGCAAGAGGTGGAGGATGCTGGCAGCCGCAAGGCTATTGTTTGAATCCCCCATGTTGTCATGTTTGTTGGGCCTATAGAACAACTTGTTTGGACCCTAATTAAGGCAAAACAATCCTTGGGTGGTTGATTTCCAATCAGATGCGACCCCAGTCAGGGGGCCACCCCAT,179,211,200,154,52.41935483870967,47.58064516129033
gi|2765654|emb|Z78529.1|CLZ78529 C.lichiangense 5.8S rRNA gene and ITS1 and ITS2 DNA,ACGGCGAGCTGCCGAAGGACATTGTTGAGACAGCAGAATATACGATTGAGTGAATCTGGAGGACTTGTGGTTATTTGGCTCGCTAGGGATTTCCTTTTGTGGTGACCATGATTTGTCATTGGGCCTCATTGAGAGCTTTCATGGCGGGTTTGAACCTCTAGCACGGTGCAGTTTGCACCAAGGTATATAAAGAATCACCGATGAATGACATTATTGTCAAAAAAGTCGGAGGTGTGGTGTGTTATTGGTCATGCCAATGAATTGTTGATGACTCTCGCCGAGGGATATCTTGGCTCTTGCATCGATGAAGAATCCCACCGAAATGTGATAAGTGGTGTGAATTGCAGAATCCCGTGAACCATCGAGTCTTTGAACGCAAGTTGCGCCCGAGGCCATCAGGCTAAGGGCACGCCTGCCTGGGCGTCGTATGTTTTATCTCTCCTTCCAATGCTTGTCCAGCATATAGCTAGGCCATCATTGTGTGGATGTGAAAGATTGGCCCCTTGTGCTTAGGTGCGGTGGGTCTAAGGATATGTGTTTTGATGGTCTGAAACTTGGCAAGAGGTGGAGGATGCTGGCAGCCGCAAGGCTATTGTTTGAATCCCCCATGTTGTCATATTTGTTGGGCCTATAGAACAACTTGTTTGGACCCTAATTAAGGCAAAACAATCCTTGGGTGGTTGATTTCCAATCAGATGCGACCCCAGTCAGCGGGCCACCAGCTGAGCTAAAA,174,208,204,147,52.11459754433834,47.88540245566166
gi|2765652|emb|Z78527.1|CYZ78527 C.yatabeanum 5.8S rRNA gene and ITS1 and ITS2 DNA,CGTAACAAGGTTTCCGTAGGTGAACCTGCGGAAGGATCATTGTTGAGACAGTAGAATATATGATCGAGTGAATCTGGATGACCTGTGGTTACTCGGCTCGCCTGATTTGTTGTTGGGCTTCCTTAGGAGCTTACATGGCGGGTTTGAACCTCTACCACGGTGCAGTTTGCGCCAAGTCATATGAAGCATAACTGCAAATGGCACTACTGTCACCAAAAGTTGGAGTGGCAGTGTGTTATTGCATGCGCTAATGGATTTTTGATGACTCTCGGCCAACGGATATCTGGCTCTTTGCATCGATGAAGGAACGCAGCGAAATGCGATAAGTGGTGTGAATTGCAGAATCCCGCGAACCATCGAGTCTTTGAACGCAAGTTGCGCCCGAGGCCATCAGGCTAAGGGCACGCCTGCCTGGGCGTCGTGTATCGCATCTCTCTTGCCAATGCTTACCCGGCATACAACTAGGCTGGCATTGGGTGGATGTGAAAGATTGGCCCCTTGTGCCTAGGTGCGGTGGGTCTAAGGATTGATGTTTTGATGGATCGAAACCTGGCAGGAGGTGGAGGATGCTGGAAGCCGCAAGGCTGTCGTTCGAATCCCCCATGTTGTCATATTTGTCGAACCTATAAAAGAACATGCTTGAACCCCAATGGATTGTAAAATGACCCTTGGCGGTTGATTTCCATTTAGATGCGACCCCAGGTCAGGCGGGCCACCC,167,187,205,159,49.30362116991643,50.69637883008357
gi|2765651|emb|Z78526.1|CGZ78526 C.guttatum 5.8S rRNA gene and ITS1 and ITS2 DNA,CGTAACAAGGTTTCCGTAGGTGAACCTGCGGAAGGATCATTGTTGAGACAGTAGAATATATGATCGAGTGAATCTGGAGGACCTGTGGTTACTCGGCTCCCCTGATTTGTTGTTGGGCTTCCTTAGGAGCTTACATGCCGGGTTTGAACCTCTACCACGGTGCAGTTTGCGCCAAGTCATATGAAGCATAACTGAACAATGGCATTATTGTCACCAAAAGTTGGAGTGGCAGTGTGCTATTGCATGCGCTAATGGATTTTTGATGACTCTCGCCAACGGATATCTTGGCTCTTGCATCGATGAAGAACCCAGCGAAATGCGATAAGTGGTGTGAATTGCAGAATCCCGCGAACCATCGAGTCTTTGAACGCAAGTTGCGCCCGAGGCCATCAGGCTAAGGGCACGCCTGCCTGGGCGTCGTGTATCGCATCTCTCTTGCCAATGCTTACCCGGCATACAACTAGGCTGGCATTGTGCGGATGTGAAAGATTGGCCCCTTGTGCCTAGGTGCGGTGGGTCTAAGGATTGATGTTTTGATGGATCGAAACCTGGCAGGAGGTGGAGGATGCTGGAAGCCGCAAGGCTGTCGTTCGAATCCCCCATGTTGTCATATTTGTCGAACCTATAAAAGAACATGCTTGAACCCCAATGGATGTAAAATGACCCTTGGCGGTTGATTTCCATTTAGATGCGACCCCAGGTCAGGCGGGGCCACCCGCTGAGTTTATGT,170,192,205,163,49.58904109589041,50.41095890410959
gi|2765650|emb|Z78525.1|CAZ78525 C.acaule 5.8S rRNA gene and ITS1 and ITS2 DNA,TGTTGAGATAGCAGAATATACATCGAGTGAATCCGGAGGACCTGTGGTTATTCGGCTTGCCGAGGGCTTTGCTTTTGTGGTGACCCAAATTTGTCGTTGGGCCTCCTCGGGAGCTTTCATGGCAGGTTTCAAACTCTAGCACGGCACAGTTTGTGCCAAGTCATATGAAGCATCACCGACAAATGACATTATTGTCAAAAAAGTTGGAGGGGCGGTGTCCTCCTGTGCATGCCGAATATAATTTTGATGACTCTCGACAAGCGGATATCTTGGCTCTTGCATCGGATGAAGAACCCAGCGAAATGCGATAAGTGGTGTGAATTGCAAGATCCCGTGAACCATCGAGTCTTTTGAACGCAAGTTGCGCCCGAGGCCATCAGGCTAAGGGCACGCCTGCCTGGGCGTCGTGTGTTGTGTCTCTCTTGCCAATGCCTGTCCATATATCTAGGCTTGCATTGTGCGGATGCGAAAGATTGGCCCCTTGTGCCTTGGCGCGTTGGGTCTAAGGAATGTTTTGATGGCCCGAAACTTGGCAGGAGGTGGAGGACATTGGCTGCCACAAGGTTGTCATTTAAATCCCCCATGTTATCGTATTTATCGGACCTATATAATAACTTGTTTGAACCCCAGTGGAGGCAAAATGACCCTTGGATGGTTGACTGCCATTCATATGCGACCCCAGGTCAGGCGGGCCACCCGCTGCA,159,190,194,161,49.57386363636363,50.42613636363637
gi|2765649|emb|Z78524.1|CFZ78524 C.formosanum 5.8S rRNA gene and ITS1 and ITS2 DNA,CGTAACAAGGTTTCCGTAGGTGAACCTGCGGAAGGATCATTGTTGAGATAGTAGAATATATGATTGAGTGAATATGGAGGACATGTGGTTACTTGGCTCGTCAGTGCTTTGCTTTTGTGGTGACCTTAATTGGGCCTCCTTAGGAGCTTTCATGGCGGGTTCAAACCTTTAGCACGGCGCAGTTTGTGCCAAGTCATATAAGCATCCCTGATGAATGGCATTGTTGTTAAAAAAGTCGGAGGGGCGGCATGCTGTTGTGCATGCTAATGAATTTTTTGATGACTCTCGCAACGGAACTTGGCTCTTTACATCCGATGAAGAACGCAGCGAAATGCGATAAGTGGTGTGAATTGCAGAATCCCGTGAACCATCGAGTATTTGAACGCAAGTTGCGCCCAAGGCCATCAGGCTAAGGGCACGCCTGCCTGGGCGTCGTGTGCTGCATCTCTCCTNCCAATGCTTGCCCAGCATATAGCTAGGTTAGCATTGTGCGGATGAAATATTGGCCCCTTGTGCTTAGGTGCGGTGGGTCTAAGGATTAGTATTTTGATAGCTCGGAACTCGGCAGGAGGTGGAGAATGTTGGTAGCTGCAAGGCTGCCATTTGAATTCCCCATGTTGTCGTATTTGTTGAACCTATAAAAGAACTTGTTTGAACCCCAATGAAGGAAAAATGACCCTTGGGCGGTTGATTTTCATTCAGATGCAACCCCAGGTCAGGTGGCCACCCTGAGATTAAGC,178,208,205,148,52.2972972972973,47.7027027027027
gi|2765648|emb|Z78523.1|CHZ78523 C.himalaicum 5.8S rRNA gene and ITS1 and ITS2 DNA,CGTAACCAGGTTTCCGTAGGTGAACCTGCGGCAGGATCATTGTTGAGACAGCAGAATATATGATCGAGTGAATCCGGTGGACTTGTGGTTACTCAGCTCGACATAGGCTTTGCTTTTGCGGTGACCCTAACTTGTCATTGGGCCTCCTCCCAAGCTTTCCTTGTGGGTGTGAACCTCTAGCACGGTGCAGTATGCGCCAAGTCATATGAAGCATCACTGAGGAATGACATTATTGTCCCAAAAGCTAGAGTGGAAGCGTGCTCTTGCATGCATGCATAATGAATTTTTTATTGACTCTCGACATATGTGGTGTGAATTGCAGAATCCCGTGAACCATCGAGTCTTTGAACGCAAGTTGCGCCCGATGCCATCAGGCTAAGGGCACGCCTGCCTGGGCGTCGTGTGCTGCGTCTCTCCTATCAATGCTTTCCTATCATATAGATTGGTTTGCATTGCGTGGATGCGAAAGATTGGCCCCTTGTGCCTAGGTGCGGTGGGTCTAAGGACTAGTGTTTTGATGGTTCGAAACCTGGCAGGAGGTGGAGGATGTTGGCAGCTATAAGGCTATCGTTTGAACCCCCCATATTGTCGTGTTTGTCGGACCTAGAGAAGAACCTGTTTGAATCCCAATGGAGGCAAACAACCCTCGGGCGGTTGATTGCCATTCATATTGCGACCCAGGTCAGGCGGGGCCACCGCTGAGTTTAAG,156,196,197,160,49.647390691114246,50.352609308885754
gi|2765647|emb|Z78522.1|CMZ78522 C.macranthum 5.8S rRNA gene and ITS1 and ITS2 DNA,CGTAACAAGGTTTCCGTAGGTGAACCTGCGGAAGGATCATTGTTGAGACAGCAGAATATATGATCGAGTGAATCCGGTGGACTTGTGGTTACTCAGCTCGACATAGGCTTTGCTTTTGCGGTGACCCTAATTTGTCATTGGGCCTCCCCCCAAGCTTTCCTTGTGGGTTTGAACCTCTAGCACGGTGCAGTATGCGCCAAGTCATATGAAGCATCACTGATGAATGACATTATTGTCCAAAAAGTTGGAGTGGAAGCGTGCTATTGCATACATGCAAATGAATTTTTTATGACTCTCGACATATCGTGGTGTGATCGCAGAATCCCGTGAACCATCGAGTCTTTGAACGCAAGTTGCGCCCGATGCCATCAGGCTAAGGGAACGCCTGCCTGGGCGTCGTGTGCTGCGTCTCTCCTGTCAATGGTTATACGTCATATAGACAGGTTTGCATTGCGTGGATGTGAAAGATTGGCCCCTTGTGCCTAGGTGCGGTGGGTCTAAGGACTAGTGTTTTGATGGTTCGAAACCTGGCAGGAGGTGGAGGATGTTGGCAGCTATAAGGCTATCATTTGAATCCCCCATATTGTCGTGTTTGTCGGACCTAGAGAAGAACATGTTTGAATCCCAATGGGGGCAAACAACCCTCGGGCGGTTGATTGCCATTCATATGCGACCCCAGGTCAGGCGGCCACCCGCTGAG,160,191,195,154,50.142857142857146,49.857142857142854
gi|2765646|emb|Z78521.1|CCZ78521 C.calceolus 5.8S rRNA gene and ITS1 and ITS2 DNA,GTAGGTGAACCTGCGGAAGGATCATTGTTGAGACAGTAGAATATATGATCGAGTGAATCCGGTGGACTTGTGGTTACTCAGCTCGACATAGGCTTGGCTTTGGCGGTGACCCTAATTTGCCATTGGGCCTCCTCCAAAGCTTTCCTTGTGGGTTTGAACCTCTAGCACGGTGCAGTATGCGCCAAGTCATATGAAGCATCACCGATGAATGACATTATTGTCAAAAAGTTGGAGTGGAAGCGTGCTATTGCATGCATGCAAATGAATTTTTTATGACTCTCGACAACGGATATCTTGGCTCTTGCATCGATGAAGAACGCAGCAAAATGCGATAAGTGGTGTGAATTGCAGAATCCCGTGAACCATCGAGTCTTTGAACGCAAGTTGCGCCCGATGCCATCAGGCTAAGGGCACGCCTGCCTGGGCGTCGTGTGCTGCGTCTCTCCTGTCAATGCTTTCATGTCATATAGATAGGTTTGCATTGCGTGGATGTGAAAGAATGGCCCCTTGTGCCTAGGTACGGTGGGTCTAAGGACTAGTGTTTTGATGGTTCGAAACCTGGCAGGAGGTGGAGGATGTTGGCAGCTATAAGGCTATCATTTGAATCCCCCATATTGTCGTGTTTGTCGGACCTAGAGAAAAACATGTTTGAATCCCAATGGAGGCAAACAACTCTCGGGCGGTTGATTGCCATTCATATGCGACCCCAGGTCAGGCGGGGCCACC,174,196,202,154,50.96418732782369,49.03581267217631
gi|2765645|emb|Z78520.1|CSZ78520 C.segawai 5.8S rRNA gene and ITS1 and ITS2 DNA,CGTAACAAGGTTTCCGTAGGTGAACCTGCGGAAGGATCATTGTTGAGACAGCAGAATATATGATCGAGTGAATCCGGTGGACTTGTGGTTACTCAGCTCGCCATAGGCTTTGCTTTTGCGGTGACCCTAATTTGTCATTGGGCCTCCTCCAAAGCTTTCCTTGTGGGTTTGAACCTCTAGCACGGTGCAGTATGCGCCAAGTCATATGAATCATCACCGATGAATGACATTATTGTCCAAAAAGTTGGAGTAGAAGCGTGCTATTGCATGCATGCAATAGAATATTTTATGACTCTCGACAAGGGATATCTTGGCTCTTGCATCGGATGAAGAACGCAGCGAAATTGTGATAAGTGGTGTGAATTGCAGAATCCCGTGAACCATCGAGTATGTGAACGCAAGTTGCGCCCGATGCCATCAGGCTAAGGGCACGCCTGCCTGGGCGTCGTGTGCTGCGTCTCTCCTGTCAATGCTTTCCTGTCATATCGATAGGTTTGCATTGTGTGGATGTGAAAGATTGGCCCCTTGTGCCTAGGTGCGGTGGGTCTAAGGACTAGTGTTTTGATGGTTCGAAACCTGGCAGGAGGTGGAGGATGTTGGCAGCTATAAGGTTGTCATGTGAATCCCCCATATTGTCGTGTTTGTCGGACCTGGAGAAGAACCTGTTTGAATCCCAATGGAGGCAAACAACCCTCGGGCGGTTGATTGCCATTCATATGCGACCCCAGGTCAGGCGGGCCACCCGCTGAGTTT,172,208,212,161,50.46480743691899,49.53519256308101
gi|2765644|emb|Z78519.1|CPZ78519 C.pubescens 5.8S rRNA gene and ITS1 and ITS2 DNA,ATATGATCGAGTGAATCTGGTGGACTTGTGGTTACTCAGCTCGCCATAGGCTTTGCTTTTGCGGTGACCCTAATTTGTCATTGGGCCTCCTCCCAAGCTTTCCTTGTGGGTTTGAACCTCTAGCACGGTGCAGTATGCACCAAGTCATATGAAGCATTGCCGATGAATGACATTATTGTCCAAAAGTTGGAGTGGAAGCGTGCTACTGCATGCATGCAAATGAATTTTTTTATGACTCTCGACAACGGATATCTTGGCTCTTGCATCGATGAAGAACGCAGCGAAATGCGATAAGTGGTGTGAATTGCAGAATCCCGTGAACCATCGAGTCTTTGAACGCAAGTTGCGCCCGATGCCATCAGGCTAAGGGCACGCCTGCCTGGGCGTCGTGTGCTGCGTCTCTCCTGTCAATGCTTTCCCATCATATAGATAGGTTTGCATTGTGTGGATGTGAAAGATTGGCCCCTTGTGCCTAGGTGCGGTGGGTCTAAGAACTTAATGTTTTGATGGTTCGAAACCTGGCAGGAGGTGGAGGATGTTGGCAGCTATATAAGGCTATCATTTGAATCCCCCATATTGTCGCGTTTGTTGGACCTAGAGAAGAACATGTTTGAATCCCAATGGAGGCAAACAACCCTCGGGCGGTTGATTGCCATTCATATGCGACCCCAGGTCAGGCGGGGCCACCCGCTGAGTTTA,159,197,189,154,50.92989985693848,49.07010014306152
gi|2765643|emb|Z78518.1|CRZ78518 C.reginae 5.8S rRNA gene and ITS1 and ITS2 DNA,CGTAACAAGGTTTCCGTAGGTGAACCTGCGGGAGGATCATTGTTGAGATAGTAGAATATTCGATCGAGTGAATCCGGAGGACTTGTGGTTACTCGGCTCGTCGAAGGCTTAACTTTTGTGGTGACCCTGATTTGTAGTTGGGCATCCTCGAGAGCTTTTATGGCGGGTTTGAGCCTCTATCACGGCGCAGTTTGCGCCAAGTCATATGAAGCATCGCCGACGAATTACATTATTGTCCCCCAAACTCGGATGGACGGTGTGTGTTACGCATACCCGTGAACCATCGAGTCTTTGAACGCAAGTTGCGCCCAAGGCCATCAGGCTAAGGGCACGCCTGCCTGGGCGTCGTGTGCTGCATCTCTTTTGCCAATGCTTGCTCGACATACAATTAGGCCAGTATTGCATAGATATGAAAGATTGACCCCTTGTGCTTAGGTGCGGTGGGTCTAAGGATTGGTGTTTTGATGGCCCAAACCCCGGCAGGAGGTGGAGCATGTTGATAGTCGCAAGGCTGTCGTTCAAATCCCACATGTTGTCGTATTTGCCGGACCCACAGAAGAACCTATTTGAACCCCTATGGAGGCAAAACAACCCTTGAGCGATTGATTGCCATTCAGATACGACCCCAGGTCAGGCGGGGCCACCCGCTGAGTTTTCC,147,172,182,157,48.48024316109423,51.51975683890577
gi|2765642|emb|Z78517.1|CFZ78517 C.flavum 5.8S rRNA gene and ITS1 and ITS2 DNA,CGTAACAAGGTTTCCGTAGGTGAACCTGCGGAAGGATCATTGTTGAGACAGTAGAATATACGATCGAGTGAATCCAGAGGACTTGTGGTTACTCGGCTCGTCCAAGTCTTAGCTTTTGTGGCCCTGATTTGTCGTTGGGCATCCTCAGGAGATTTTATGGCGGGTTTGAACCTCTATCACGGTGCAGTTTGCGCCAAGTCATATGAAGCATCACCGATGAATGACATTATTGTCACAAAAGTCGGATGGGCGGTGTGCTGTTGTGCATGCCAATAAATTTTTGATGACTCTCGGCCAACGGATATCTTGCTCTTCCATCGATGAAGAACGCAGCGAAATGCGATAAGTGGTGTGAATTGCAGAATCCCGTGAACCATCGAGTCTTTGAACGCAAGTTGCGCCCAAGGCCATCAGGCTAAGGGCACGCCTGCCTGGGCGTCGTGTGCTGCATCTCTTTTGCCAATGCTTGCCCGACATACAATTAGGACAGTATTGCATAGATATGAAAGATTGACCCCTTGTGCTTAGGTGCGGTGGGTCTAAGGATTGGTGTTTTGGTGGCCCGAACCCCGGCAGGAGGTGGATCATGTTGATAGTCGCAAGACTGTCATTCAAATCCCACATGTTGTCGTATTTGTCGGACCCACAGAAGAACCTATTTGAACCCCAATGGAGGCAAAACAACCCTCGAGCGATTGATTGCCATTCAGATACGACCCCAGGTCAGGCGGGGCCACCCGCTGAGTTTAAGC,182,196,203,171,50.265957446808514,49.734042553191486
gi|2765641|emb|Z78516.1|CPZ78516 C.passerinum 5.8S rRNA gene and ITS1 and ITS2 DNA,CGTAACAAGGTTTCCGTAGGTGAACCTGCGGAAGGATCATTGTTGAGACAGTATAATATATGATCGAGTGAATCCGGAGGACTTGTGGTTACTCGGCTCGTCCAAGTCTTAGCTTTTGTGGCCCTGATTTGTCGTTGGGCATCCTCAGGAGCTTTTATGGCGGGTTTGAACCTCTATCACGGCGCAGTTTGCGCCAAGTCATATGAAGCATCACCGACGAATGACATTATTGTCACCAAAGTCGGATGGGCGGTGTGCTATTGTGCATACCAATAATTTTTTGATGACTCTCGTCAACGGATATCTTAGCGAAATGCGATAAGTGGTGTGAATTGCAGAATCCCGTGAACCATCGAGTCTTTGAACGCAAGTTGCGCCCAAGGCCATCAGGCTAAGGGCACGCCTGCCTGGGCGTCGTGTGCTGCATCTCTTTTGCCAATGCTTGCCCGACATACAATTAGGCCAGTATTGCATAGATATGAAAGATTGACCCCTTGTGCTTAGGTGCGGTGGGTCTAAGGATTGGTGTTTTGATGTCCCGAACCCCGGCAGGAGGTGGAGCATGTTGATAGTCGCAAGACTATCGTTCAAATCCCACATGTTGTCGTATTTGTCGGACCCACAGAAGAACCTATTTGAACCCCAATGGAGGCAAAACAACCCTCGAGTGATTGATTGCCATTCAGATATGACCCCAGGTCAGGCGGGGCCACCCGCTGAGTTTAA,174,195,193,164,50.82644628099173,49.17355371900827
gi|2765640|emb|Z78515.1|MXZ78515 M.xerophyticum 5.8S rRNA gene and ITS1 and ITS2 DNA,CGTAACAAGGTTTCCGTAGGTGAACCTGCGGAAGGATCATTGCTGAGACCGTAGAATAAACGATCGAGTTAATCTGGAGGACCGGTGTACTTCGATCTCCCAGGGGCTTTCGCTACTGTGGTGGCCTTTGATCTGCCATCGGGCCTCCTTGGGAGTGTTCTTGAAGGCGATCAAACTTCTAGCCCGGCGCAGCTTCGCGCCAAGTCTTTTGAGACAAGAATCGGCATAGGGGTGTTCCCTTGTAGCCGGTGGGGGTGGCACTTGATTCGTGCCCCCCAAGTTACATTTTTACAACTCTCGGCAACGGATATCTCGGCTCTTGCATCGATGGAGGACGCAGCGAAATGCGATAAGTGGTGTGAATTGCAGAATCCCGTGAACATCGAGTCTTTGAACGCAAGTTGCGCTCGAGGCCGTCAGGCTAAGGGCACGCCTGCCTGGGCGTTGTGTACTGTGTCTCTCCCACCAATGGTTGTCCAAGAATACCGTTCGGTCGGTGCGGATGTGAGTTTGGCCCCTTGTTCTTCGGTTCAATGGGTCTAAGACCTCGGGCTTTTGATGGTCCAAAATTCGACAAGAGGTGGATGGGCAATGGCTGAGCCAAAGCTGTTGTGCGAATGCCGTATGTTGTCCGATTTGATGGGCCATCATAATTCGTAGGACCCTTCGGAACCCCATTGGTGCCACATCAACCCAACCCATGGGCGGTTGATTGCCATTTGGAAGCAACCCCAGGTCAGGTGAGGCCACCCGCTGAGTTTAAGC,159,195,223,188,46.27450980392157,53.72549019607843
gi|2765639|emb|Z78514.1|PSZ78514 P.schlimii 5.8S rRNA gene and ITS1 and ITS2 DNA,CGTAACAAGGTTTCCGTAGGTGGACCTTCGGGAGGATCATTTTTGAAGCCCCCAAATATACGATCGAGATAATCCGGAGGACCGGTGTACTTTGGTCTCCCAGGGGCTTCCGCCGCTGTGGTGACCATGATTTCCCATCGAACCTCCTTGGGAGAGTTCTCTATGGCAATTGAACCCTTGGCCCGGCGCAGTTTCGCTCCAAGTCAAATGAGATAGAACCGACAAGGGTCTTCGTCCTCCATGGATGGACCGGGGAGGGCCGGCGTGCTGCTGTGCCCCCTTAAGATTCGTCTGACAACTCTCGTCAACGGATATCTCGGCTCTTGCATCGATGAAGAACCCAGCGAAATGTGATAAGTGGTGTGAATTGCAGAATCCCGTGAACCATCGAGTCTTTGAACGCAAGTTGCGCCCGAGGCCATCAGGCTAAGGGCACGCCTGCCTGGGCGTTGCGTGCTGCATCTCTCCCAATGCTAAGGTTGAACAGCCATACTGTTCGGCCGGCGAGGATGAGAGTTTGGCCCCTTGTTCTTCGGTGCGATGGGTCCAAGACTTGGGCTTGTGACGGTCCACAAATCCGGCAAGAGGTGGACGGACGGTGGCTGCGACAAAGCTGTTGTGCGAATGCCCTATGTTGTCGTATTTGATGGGCCGGAATGATCCCTTTCGAACCCCGTCGGAGGCACGTCGACCCAACCCATGGGCGGTTGACGGCCATTAGGATGCAACCCCAGGTCAGGTGAGACTACCCGCTA,158,174,222,201,43.973509933774835,56.026490066225165
gi|2765638|emb|Z78513.1|PBZ78513 P.besseae 5.8S rRNA gene and ITS1 and ITS2 DNA,CGTAACAAGGTTTCCGTAGGTGAACCTGCGGAAGGATCATTGTTGAGACCGCCAAATACACGATCGAGTTAATCCGGAGGACCGGTGTACTTTGGTCTCCCAGGGGCTTCCGCCGCTGTGGTGACCATGATTTGCCATCGAGCCTCATTGGGAGATTTCTCCATGGCAATTGAACCCTTGGCCCGGCGCAGTTTCGCGCCAAGTCAAATGAGATAGAACCGGCAAGGGCATCGTCCTCCATGGAGCCGGGGAGGCCGGCATGCTGCTGTGCCCGAAAGAATTTTCGACAACTCTCGGCAACGGATATCTCGGCTCTTGCATCGATGAAGAACGCAGCGAAATGTGATAAGTGGTGTGAATTGCAGAATCCCGTGAACCATCGAGTCTTTGAACGCAAGTTGCGCCCGAGGCCATCAGGCTAAGGGCACGCCTGCCTGGGCGTTGCGTGCTGCATCTCTCCCAATGCTAAGGTTGAACAGCCATACTGTTCGGCCGGCGAGGATGAGAGTTTGGCCCCTTGTTCTTCTGTGCGATGGGTCCAAGACTTGGGCTTGTGACGGTCCACAAATCCGGCAAGAGGTGGACGGACGGTGGCTGCGACGAAGCTTTTGTGCGAATGCCCTATGTTGTCGTATTTGATGTGCCAGAACGATCCCTTTCGAACCCCTTCGGAGGCACGTCGACCCAACCCATGGGCGGTGACGCCATTAGGATGCAACCCAGTCAGTGAGCTACCGCTGAG,160,167,220,195,44.070080862533686,55.929919137466314
gi|2765637|emb|Z78512.1|PWZ78512 P.wallisii 5.8S rRNA gene and ITS1 and ITS2 DNA,CGTAACAAGGTTTCCGTAGGTGGACCTTCGGGAGGATCATTTTTGAAGCCCCCAAAAAAACGATCGAATTAATCCGGAGGGCCGGTGTAGTTTGGTCTCCCAGGGGCCTTGGCTACTGTGGTGACCGTGAATTTCCGTCGAACCCTCTGGGAGGAATTCTTGATGGCAAATGAAACCCTTGGCCCGGCGCAGTTTCGCCCCAAATCAAATGAGATGGAACCGGCGGAGGGCATCGTCCCCCATGGAACCGGGGAGGGCCGGCGTTCTTCCGTTCCCCCAATGAAATTATTTTTTGACAACTCTCGCAACGGATATCTCGGCTCTTGCATCGATGAAGAACGCAGCGAAATGTGATAAGCTGGTGTGAATTGCAGAATCCCGTGAACCATCGAGTCTTTGAACGCAAGTTGCGCCCGAGGCCATCAGGCTAAGGGCACGCCTGCCTGGGCGTTGCGTGCTGCATCTCTCTCCCATTGCTAAGGCTGAACAGGCATACTGTTCGGCCGGCGCGGATGAGTGTTTGGCCCCTTGTTCTTCGGTGCGATGGGTCCAAGACCTGGGCTTTTGACGGCCGGAAATCCGGCAAGAGGTGGACGGACGGTGGCTGCGACGAAGCTGTCGTGCGAATGCCCTGCGTTGTCGTATTTGATGGGCCGGAATAAATCCCTTTTGAACCCCATTGGAGGCACGTCAACCCGTGGGCGGTCGACGGTCATTTGGATCCAACCCCAGGTCAGGTGAGGCCACCCGCTGAGTTTAAGC,159,175,229,199,43.83202099737533,56.16797900262467
gi|2765636|emb|Z78511.1|PEZ78511 P.exstaminodium 5.8S rRNA gene and ITS1 and ITS2 DNA,CGTAACAAGGTTTCCGTAGGTGAACCTTCGGAAGGATCATTGTTGAGACCCCCAAAAAAACGATCGAGTTAATCCGGAGGACCGGTGTAGTTTGGTCTCCCAGGGGCTTTGGCTACTGTGGTGGCCGTGAATTTCCGTCGAACCTCCTTGGGAGAATTCTTGATGGCAATTGAACCCTTGGCCCGGCGCAGTTTCGCCCCAAGTCAAATGAGATGGAACCGGCGGAGGGCATCGTCCTCCATGGAACCGGGGAGGGCCGGCGTTCTTCCGTTCCCCCCATGAATTTTTTTTTGACAACTCTCGGCAACGGATATCTCGGCTCTTTGCATCCGATGAAAGAACCCAGCGAAATGTGATAAGTGGTGTGAATTGCAGAATCCCGTGAACCATCGAGTCTTTGAACGCAAGTTGCGCCCGAGGCCATCAGGCTAAGGGCACGCCTGCCTGGGCGTTGCGTGCTGCATCTCTCTCCCATTGCTAAGGCTGAACAGGCATACTGTTCGGCCGGCGCGGATGAGTGTTTGGCCCCTTGTTCTTCGGTGCGATGGGTCCAAGACCTGGGCTTTTGACGGCCGGAAATCCGGCAAGAGGTGGACGGACGGTGGCTGCGACGAAGCTGTCGTGCGAATGCCCTACGCTGTCGTATTTGATGGGCCGGAATAAATCCCTTTTGAGCCCCATTGGAGGCACGTCAACCCGTGGGCGGTCGACGGCCATTTGGATGCAACCCCAGGTCAGGTGAGGA,152,174,226,193,43.758389261744966,56.241610738255034
gi|2765635|emb|Z78510.1|PCZ78510 P.caricinum 5.8S rRNA gene and ITS1 and ITS2 DNA,CTAACCAGGGTTCCGAGGTGACCTTCGGGAGGATTCCTTTTTAAGCCCCCGAAAAAACGATCGAATTAAACCGGAGGACCGGTTTAATTTGGTCTCCCCAGGGGCTTTCCCCCCTTGGTGGCCGTGAATTTCCATCGAACCCCCCTGGGAGAATTCTTGGTGGCCAATGGACCCTTGGCCCGGCGCAATTTCCCCCCCAATCAAATGAGATAGGACCGGCAGGGGGCGTCCCCCCCCATGGAACCGGGGAGGGCCGGCATTCTTCCGTTCCCCCCTCGGATTTTTTGACAACTCTCGCAACGGATATCTCGCCTCTTTGCATCGGATGGAAGAACGCAGCGAAATGTGATAAGTGGTGTGAATTGCAGAATCCCGTGAACCATCGAGTCTTTGAACGCAAGTTGCGCCCGAGGCCATCAGGCTAAGGGCACGCCTGCCTGGGCGTTGCGTGCTGCATCTCTCCCATTGCTAAGGTTGAACGGGCATACTGTTCGGCCGGCGCGGATGAGAGATTGGCCCCTTGTTCTTCGGTGCGATGGGTCCAAGACCTGGGCTTTTGACGGTCCAAAATCCGGCAAGAGGTGGACGGACGGTGGCTGCGACAAAGCTGTCGTGCGAATGCCCTGCGTTGTCGTTTTTGATGGGCCGGAATAAATCCCTTTTGAACCCCATTGGAGGCACGTCAACCCATGGGCGGTTGACGGCCATTTGGATGCAACCCCAGGTCAGGTGAGCCACCCGCTGAGTTTA,151,171,218,210,42.93333333333334,57.06666666666666
gi|2765634|emb|Z78509.1|PPZ78509 P.pearcei 5.8S rRNA gene and ITS1 and ITS2 DNA,CGTAACAAGGTTTCCGTAGGTGAACCTGCGGAAGGATCATTGTTGAGACCGCCAAATATACGATCGAGTTAATCCGGAGGACCGGTGTAGTTTGGTCTCCCAGGGGCTTTCGCCGCTGTGGTGACCGTGATTTGCCATCGAGCCTCCTTGGGAGATTTCTTGATGGCAATTGAACCCTTGGCCCGGCGCAGTTTCGCGCCAAGTCATATGAGATAGAACCGGCGGAGGGCGTCGTCCTCCATGGAGCGGGGAGGGCCGGCATGCTCCGTGCCCCCCCATGAATTTTTCTGACAACTCTCGGCAACGGACGTAACAAGGTTTAAATGTGATAAGCAGGTGTGAATTGCAGAATCCCGTGAACCATCGAGTCTTTGAACGCAAGTTGCGCCCGAGGCCATCAGGTTAAGGGCACGCCTGCCTGGGCGTTGCGTGCTGCATCTCTCCCATTGCTAAGGTTGAACGGGCATACTGTTCGGCCGGCGCGGATGAGAGTTTGGCCCCTTGTTCTTCGGTGCGATGGGTCCAAGACCTGGGCTTTTGACGGTCCAAAATCCGGCAAGAGGTGGACGGACGGTGGCTGCGACAGAGCTGTCGTGCGAATGCCCTACGTTGTCGTTTTTGATGGGCCAGAATAAATCCCTTTTGAACCCCATTGGAGGCACGTCAACCCAATGGGGGGTGACGGGCATTTGGTTAACCCCGGCAAGTTAAGGCACCCGTTAATTTTAGGA,151,174,224,182,44.45964432284541,55.54035567715459
gi|2765633|emb|Z78508.1|PLZ78508 P.longifolium 5.8S rRNA gene and ITS1 and ITS2 DNA,CGTAACAAGGTTTCCGTAGGTGAACCTGCGGAAGGATCATTGTTGAGACCGCCAAATATACGATCGAGTTAATCCGGAGGACCGGTGTAGTTTGGTCTCCCAGGGGCTTTCGCCGCTGTGGTGACCGTGATTTGCCATCGAGCCTCCTTGGGAGATTTCTTGATGGCAATTGAACCCTTGGCCCGGCGCAGTTTCGCGCCAAGTCATATGAGATAGAACCGGCAGGGGGCGTCGTCCTCCATGGAGCCGGGGAGGGCCGGCATGCTGCCGTGCCCCCAATGAATTTTTTGACAACTCTCGGCAACGGATATCTCGGCTCTTGCATCGATGAAGAACGCAGCGAAATGTGATAAGTGGTGTGAATTGCAGAATCCCGTGAACCATCGAGTCTTTGAACGCAAGTTGCGCCCGAGGCCATCAGGCTAAGGGCACGCCTGCCTGGGCGTTGCGTGCTGCATCTCTCCCATTGCTAAGGTTGAACGGGCATACTGTTCGGCCGGCGCGGATGAGAGTTTGGCCCCTTGTTCTTCGGTGCGATGGGTCCAAGACCTGGGCTTTTGACGGTCCAAAATCCGGCAAGAGGTGGACGGACGGTGGCTGCGACAGAGCTGTCGTGCGAATGCCCTACGTTGTCGTATTTGATGGGCCGGAATAAATCCCTTTGAACCCCATTGGAGGCACGTCAACCCCATGGGCGGTGACGGCCACTTGGATGCAACCCAGTCAGTGAGCCACCGCTGA,151,169,229,192,43.18488529014844,56.81511470985156
gi|2765632|emb|Z78507.1|PLZ78507 P.lindenii 5.8S rRNA gene and ITS1 and ITS2 DNA,CGTAACAAGGTTTCCGTAGGTGAACCTGCGGAAGGATCATTGTTGAGACCCCCAAAAAAACGATCGAGTTAATCCGGAGGACCGGTGTAGTTTGGTCTCCCAGGGGCTTTGGCTACTGTGGTGACCGTGAATTTCCGTCGAGCCTCCTTGGGAGATTTCTTGATGGCAATTGAACCCTTGGCCCGGCGCAGTTTCGCCCCAAGTCAAATGAGATGGAACCGGCGGAGGGCATCGTCCTCCATGGAACCGGGGAGGGCCGGCGTGCTTCCGTCCCCCAATGAATTTTTTTGACAACTCTCGCAACGGATATCTCGCTCTTGCATCGATGAAGAACACAGCGAAATGTGATAAGTGGTGTGAATTGCAGAATCCCGTGAACCATCGAGTCTTTGAACGCAAGTTGCGCCCGAGGCCATCAGGCTAAGGGCACGCCTGCCTGGGCGTTGCGTGCTGCATCTCTCTCCCATTGCTAAGGCTGAACAGGCATACTGTTCGGCCGGCGCGGATGAGTGTTTGGCCCCTTGTTCTTCGGTGCGATGGGTCCAAGACCTGGGCTTTTGACGGCCGGAAATCCGGCAAGAGGTGGACGGACGGTGGCTGCGACGAAGCTGTCGTGCGAATGCCCTGCGTTGTCGTATTTGATGGGCCGGAATAAATCCCTTTGAACCCCATTGGAGGCACGTCAACCCGTGGCGGTCGACGGCCATTTGGATGCAACCCAGTCAGTGAGCCACCGCTGA,153,170,224,193,43.648648648648646,56.351351351351354
gi|2765631|emb|Z78506.1|PLZ78506 P.lindleyanum 5.8S rRNA gene and ITS1 and ITS2 DNA,CGTAACAAGGTTTCCGTAGGTGAACCTGCGGAAGGATCATTGTTGAGACCGCAAAATATACGATCGAGTTAATCCGGAGGACTGGTGTAGTTTGGTCTCCCAGGGGCGTTGGCTACTGCGGTGACCATGATTTTCCATCGAGCCTCCTCGGGAGATTTCTTGATGGCAATTGAACCCTTGGCCCGGCGCAGTTTCGCGCCAAGTCGTATGAGATAGAACCGGCAGAGGGCTTCGTCCTCCATGGAACCGGGGAGGACCGGCATGCCGCCGTACCCCCTTTGAATCGGGCTGACAACTCTCGTTCAAGGAGCCCTCAGCTCATAATGTGATAAGTGGTGTGAATTGCAGAATCCCGTGAACCATCGAGTCTTTGAACGCAAGTTGCGCCCGAGGCCATCAGGCTAAGGGCACGCCTGCCTGGGCGTTGCGTGCTGCATCTCTCCCGTTGCTAAGGTCGAACAGGCATATACTGTTCGGCCGGCGCGGATGAGAGTTTGGCCCCTTGTTCTTCGGTGCGATGGGTCCAAGACCTGGGCTTTTGACGGTAAAAAATCCGGCAAGAGGTGGACGGACGGTGGCTGCGACAAAGCTGTCGTGCGAATGCCCTACGTTGTCGTATTTGATGGGCCAGAATAAATCCCTTTTGAACCCCATTGGAGGCACGTCAACCCATGGGCGGTTTGACGGCCATTGGATGCCAACCCAGTCAGGTGAGGCCACCCGCTGA,153,167,219,188,44.01650618982118,55.98349381017882
gi|2765630|emb|Z78505.1|PSZ78505 P.sargentianum 5.8S rRNA gene and ITS1 and ITS2 DNA,CGTAACAAGGTTTCCGTAGGTGAACCTGCGGAAGGATCATTGTTGAGACCGCCAAATATACGATCGAGTTAATCCGGAGGACTGGTGTAGTTTGGTCTCCCAGGGGCGGTGGCTACTGCGGTGACCATGATATTCCATCGAGCCTCCTCGGGAGATTTCTTGATGGCAATTGAACCCGTGGCCCGGCGCAGTTTCGCGCCAAGTCGTATGAGATAGAACCGGCAGAGGTCTTCGTCCTCCATGGAACCGGGGAGGCCCGGCATACCACCATACCCCCAATGAATCTTTGTGACAACTCTCGTCAATGTGATAAGTGGTGTGAATTGCAGAATCCCGTGAACCATCGAGTCTTTGAACGCAAGTTGCGCCCGAGGCCATCAGGCTAAGGGCACGCCTGCCTGGGCGTTGCGTGCTGCATCTCTCCCGTTGCTAAGGTCGAACAGGCATACTGTTCGGTCGGCGCGGATGAGAGTTTGGCCCCTTGTTCTTCGGTGCGATGGGTCCAAGACCTGGGCTTTTGACGGTAAAAAATCCGGCAAGAGGTGGACGGACGGTGGCTGCGACAAAGCTGTCGTGCGAATGCCCTGCGTTGTCGTATTTGATGGGCCGGAATAAATCCCTTTTGAACCCCATTGGAGGCACGTCAACCCATGGGCGGTTGACGGCCATTTGGATGCAACCCCAGGTCAGGTGAGCCACCCGCTGAGTTTT,149,166,214,182,44.30379746835443,55.69620253164557
gi|2765629|emb|Z78504.1|PKZ78504 P.kaiteurum 5.8S rRNA gene and ITS1 and ITS2 DNA,CGTAACAAGGTTTCCGTAGGTGAACCTTCGGAAGGATCATTGTTGAGACCGCAAAATATACGATCGAGTTAATCCGGAGGACTGGTGTAGTTTGTCTCCCAGGGGCGTTGGCTACTGCGGTGACCATGATTTTCCATCGAGCCTCCTCGGGAGATTTCTTGATGGCAATTGAACCCTTGGCCCGGCGCAGTTTCGCGCCAAGTCGTATGAGATAGAACCGTCAGAGGGCATCGTCCCTCCATGGAGCCGGGGAGGGCCGGCATGCCCGCCGTGCCCCCAATGAATCTTTTTGACAACTCTCGCAACGGATATCTCGCTCTTCATCGATGAAGAACGCAGCGAAATGTGATAAGTGGTGTGAATTGCAGAATCCCGTGAACCATCGAGTCTTTGAACGCAAGTTGCGCCCGAGCCATCAGGCTAAGGGCACGCCTGCCTGGGCGTTGCGTGCTGCATCTCTCCCGTTGCTAAGGTCGAACAGACATACTGTTCGGCCGGCGCGGATGAGAGTTTGGCCCCTTGTTCTTCGGTGCGATGGGTCCAAGACCTGGGCTTTTGACGGTACCAAATCCGACAAGAGGTGGACGGACGGTGGCTGCGACAAAACTGTCGTGCGAATGCCCTACGTTGTCGTATTTGATGGGCCAGAATAAATCCCTTTTGAACCCCATTGGAGGCACGTCAACCCATGGGCGGTGACGGCCATTGGATGCAACCCCAGTCAGTGAGCCACCGCTGAGTAA,162,171,216,194,44.81830417227456,55.18169582772544
gi|2765628|emb|Z78503.1|PCZ78503 P.czerwiakowianum 5.8S rRNA gene and ITS1 and ITS2 DNA,CGTAACCAGGTTTCCGTAGGTGAACCTCCGGAAGGATCCTTGTTGAGACCGCCAAATATACGATCGAGTTAATCCGGAGGACCGGTGTAGTTTGGTCTCCCAGGGGCTTTCGCCGCTGTGGTGTCCGTGATTTACCATCGAGCCTCCTTGGGAGATTTCTTGATGGCAATTGAACCCATGGCCCGGCGCAGTTTCGCGCCAAGTCATATGAGATAGAACCGGCAGGGGGCGTCGTCCTCCATGGAACCGGGGAGGGCCGGCATGCTACCGTACCCCCAATGAATTATTTTGACAACTCTCGGCAACGGAGTCTCAGCTCTTTGTGATAAGTGGTGTGAATTGCAGAATCCCGTGAACCATCGAGTCTTTGAACGCAAGTTGCGCCCGAGGCCATCAGGCTAAGGGCACGCCTGCCTGGGCGTTGCGTGCTGCATCTCTCCCATTGCTAAGGTTGAACGGGCATACTGTTCGGCCGGCGCGGACGAGAGTTTGGCCCCTTGTTCTTCGGTGCGATGGGTCCAAGACCTGGGCTTTTGACGGTCCAAAATCCGGCAAGAGGTGGACGGACGGTGGCTGCGACAAAGCTGTCGTGCGAATGCCCTACGTTGTCGTATTTGATGGGCCAGAATAAATCCCTTTTGAACCCCATTGGAGGCACGTCAACCCATGGGCGGTTGACGGCCATTTGGATGCAACCCCAGGTCAGGTGAGCCACCCGCTGAGATAA,149,169,218,191,43.7414030261348,56.2585969738652
gi|2765627|emb|Z78502.1|PBZ78502 P.boissierianum 5.8S rRNA gene and ITS1 and ITS2 DNA,CGTAACCAGGTTTCCGTAGGTGAACCTCCGGAAGGATCATTGTTGAGACCGCCAAATATACGATCGAGTTAATCCGGAGGACCGGTGTAGTTTGGTCTCCCAGGGGCTTTCGCCCCTGTGGTGACCGTGATTTGCCATCGAGCCTCCTTGGGAGATTTCTTGATGGCAATTGAACCCATGACCCGGCGCAGTTTCGCGCCAAGTCATATGAGATAGAACCGGCAGGGGTCGTCGTCCTCCATGGAGCCGGGGAGGGCCGGCATACTACCGTCCCCCCAATGAATTTTATATTGACAACTCTCGGCCGGAATCTCGGCTCTTGCATCGATGGAAGGACGCAGCGAAAATGTGATAAGTGGTGTGAATTGCAGAATCCCGTGAACCATCGAGTCTTTGAACGCAAGTTGCGCCCGAGGCCATCAGGCTAAGGGCACGCCTGCCTGGGCGTTGCGTGCTGCATCTCTCCCATTGCTAAGGTTGAACGGGCGTACTGTTCGGCCGGCGCGGACGAGAGTTTGGCCCCTTGTTCTTCGGTGCGATGGGTCCAAGACCTGGGCTTTTGACGGTCCAAAATCCGGCAAGAGGTGGACGGACGGTGGCTGCGACAAAGCTGTCGTGCGAATGCCCTACGTTGTCGTATTTGATGGGCCAGAATAAATCCCTTTTGAACCCCATTGGAGGCACGTCAACCCATGGGCGGTTGACGGCCATTTGGATGCAACCCCAGGTCAGGTGAGGCCACCCCGTGAGTTTACGC,156,174,228,199,43.59313077939234,56.40686922060766
gi|2765626|emb|Z78501.1|PCZ78501 P.caudatum 5.8S rRNA gene and ITS1 and ITS2 DNA,CGTAACAAGGTTTCCGTAGGTGAACCTGCGGAAGGATCATTGTTGAGACCGCAAAATATACGATCGAGTTAATCCGGAGGACCGGTGTAGTTTGGTCTCCCAGGGGCTTTGGTTACTGTGGTGACCGTGACTTTGCCGTCGAGCCTCCTTGGGAGATTTCTTGATGGAAATTGAACCCTTGGCCCGGCGCAGTTTCGCGCCAAGTCATATGAGATGGAACCGGCGGAGGGAATCGTCCTCCATGGAGCCGGGGAGGGCCGGCGTGTTGCCGTGCCCCCAATGAATTTTTTTTTGGGCAACTCTCGGCCAAACGGGAAATCTCGGCTCCTTGCATCGGATGGAAGGACGCAGCGAAATTGTGATAAGTGTTGTGAATTGCAGAATCCCGTGAACCATCGAGTCTTTTGAACGCAAGTTGCGCCCGAGGCCATCAGGCTAAGGGCACGCCTGCCTGGGCGTTGCGTGCTGCATCTCTCTCCCATTGCTAAGGCTGAACAGGCATACTGTTCGGCCGGCGCGGATGAGTGTTTGGCCCCTTGTTCTTCGGTGCGATGGGTCCAAGACCTGGGCTTTTGACGGCCGGAAATCCGGCAAGAGGTGGACGGACGGTGGCTGCGACGAAGCTGTCGAGCGAATGCCCTACGCTGTCGTATTTGATGGGCCGGAATAAATCCCTTTTGAACCCCATTGGAGGCACGTCAACCCGTGGGCGGTCGACGGCCATTTGGATGCAACCCCAGGTCAGGTGAGGCCACCCGCTGAGTTTAAGA,155,180,243,192,43.506493506493506,56.493506493506494
gi|2765625|emb|Z78500.1|PWZ78500 P.warszewiczianum 5.8S rRNA gene and ITS1 and ITS2 DNA,CGTAACAAGGTTTCCGTAGGTGAACCTGCGGAAGGCTCATTGTTGAGACCGCAAAATAATTGATCGAGTTAATCCGGAGGACCGGTGTAGTTTGGTCTCCCAGGGGCTTTGGTTACTGTGGTGACCGTGACTTTGCCGTCGAGCCTCCTTGGGAGATTTCTTGATGGCAATTGAACCCTTGGCCCGGCGCAGTTTCGCGCCAAGTCATATGAGATGGAACCGGCGGAGGGCATCGCCCTCCATGGAGCCGGGGAGGGCCGGCGTCCTGCCGTGCCCCCAATGAATTTTTCTTTGGGAAAACTTCTCGGCCAACGGGAATCTCGGCTCTTTGCATCGGATGGAAGGACGCAGCGAATTGTGATAAGTGGTGTGAATTGCAGAATCCCGTGAACCATCGAGTCTTTGAACGCAAGTTGCGCCCGAGGCCATCAGGCTAAGGGCACGCCTGCCTGGGCGTTGCGTGCTGCATCTCTCTCCCATTGCTAAGGCTGAACAGGCATACTGTTCGGCCGGCGCGGATGAGTGTTTGGCCCCTTGTTCTTCGGTGCGATGGGTCCAAGACCTGGGCTTTTGACGGCCGGAAATCCGGCAAGAGGTGGACGGACGGTGGCTGCGACGAAGCTGTCGTGCGAATGCCCTACGCTGTCGTATTTGATGGGCCGGAATAAATCCCTTTTGAACCCCATTGGAGGCACGTCAACCCGTGGGCGGTCGACGGCCATTTGGATGCAACCCCAGGTCAGGTGAGGCCACCCGCTGAGTTTAAG,149,179,243,196,42.76401564537158,57.23598435462842
gi|2765624|emb|Z78499.1|PMZ78499 P.micranthum 5.8S rRNA gene and ITS1 and ITS2 DNA,CGTAACAAGGTTTCCGTAGGTGAACCTGCGGAGGGATCATTGTTGAGATCGCATAATAATTGATCGAGATAATCCAGAGGATCGGTTTACTTTGGTCACCCTTGGGCGCCTGCTATTGCGGTGACCTAGATTTTCCATGGAGGGAGCCTCCTTGGGAGCTTTCTTGCCGGCGATCTAACCCTTGCCCGTCGCAGTTTTGCACCAAGTCATATGACACATAAATGGTGAAGGACATACCCCCTTCGTTGAATTCGAGGAGGGGACGGCATGTGGCCTTGACCTCTCCCAATTATTTTTTTGACAACTCTCAGCCAACGGATATCTCGGCTCTTTGCATCGGATGGAGGACGCAGCGAAATGCGATAAGTGTGTGAATTGCAAGATCCCGTGAACCATCGAGTCTTTGAACGCAAGTTGCGCCCAAGCCATCAGGCCAAGGGCACGCCTGCCTGGGCATTGCGAGTCATATCTCTCCCTTAATGAGGCTGTCCATGCATACTGTTCAGCCGGTGCGGATGTGAGTTTGCCCCCTTGTTCTTTGGTGCTGGGGGTCTAAGAGCTGCAGGGGCTTTTGATGGTCCTAAATTCGGCAAGAGGTGGACGAATCATGCTACAACAAAACTGTTGGGCGAATGCTCCAGGTTGTCGTATTAGATGGGCCATCATAATCTAGAGACCCTTGTGAACCCCATTGGAGGCCCATCAACCCATGATCAGTTGATGGCCTTTTGGATGCGACCCCAGGTCAGGTGAGCAACC,170,198,206,185,48.484848484848484,51.515151515151516
gi|2765623|emb|Z78498.1|PMZ78498 P.malipoense 5.8S rRNA gene and ITS1 and ITS2 DNA,CGTAACAAGGTTTCCGTAGGTGAACCTGCGGAAAGGTCATTGTTGAGATCACATAATAATTGATCGAGTTACTCCAGAGGATCAGTTTACTCCGGTCACCCATGGGTGCTTGCTATTGCGGTGACCTAGATTTGCCATGGAGCCTCCTTGGGAGTTTTCTTGCCGGCGATCTTACCCTTGCCCGGGGCAGTTTTGCCCCAAGTCATATGACACAATAATGGCGAAGGAGGGGGCGGCATTTTGCCCTTGACCCTACAATCACTCCCCCTCTCCAAATTATTTTTGGACAACTCTCAGCAACGGATATCTCGGCTCTTGCATCGATGAAGAACCCAGCGAAATGCGATAAGTGGTGTGAATTGCAGGATCCCGTGAACCATCGAGTCTTTGAACGCAAGTTGCGCCCAAGGCCATCAGGCCAAGGGCACGCCTGCCTGGGCATTGCGAGTCATATCTCTCCCTTAATGAGGCTGTACATGCATACTGTTCAGCCGGTGCGGATGTGAGTTTGGCCCCTTGTTCTTCGGTGCTGGGGGTCTAAGAGCTGCAGGGGCTTTTGATGGTCCTAAATTCGGCAAGAGGTGGACGAATTACAACAAAACTGTTGTGCGAATGCTCCAGGTTGTCGTATTAGATGGGCCAGCATAATCTAAAGACCCTTGTGAACCCCACTGGAGGCACATCAACCCGTGATCAGTTGATGGCCATTTGTTGCGACCCCAGTCAGTGAGCAACCCGCTGAGTTTAAGC,172,193,198,187,48.66666666666667,51.33333333333333
gi|2765622|emb|Z78497.1|PDZ78497 P.delenatii 5.8S rRNA gene and ITS1 and ITS2 DNA,CGTAACAAGGTTTCCGTAGGTGAACCTGCGGAAGGATCATTGTTGAGATCACATAATAATTGATCGAGTGAATCCAGAGGATCAGTTTACTTTGGTCGCCCATGGGCGCTTGCTATTGCGGTGACCTAGATTTGCCATGGAGCCTCCTTGGGAGCTTTCTTGCCGGCGATCTAACCCTTGCCCGGCGCAGTTTTGCGCCAAGTCACATGACACATAAATGGTGAAGGGCACGGCCCTTTGTGAATTCAAGGAGGTGAAGGGCATGTGGCCTTGAGCCTACACTCCCTCCCCCTCTCCAAATTATTTTTTGTGAAACAACTCTCAGCAACGGAGATCTCAGCTCTTGCATCGATGAAGGAACGCAGCGAAATGCGATAAGTGGTGTGAATTGCAGAATCCCGTGAACCATCGAGTCTTTGAACGCAAGTTGCGCCCAAGGCCATCAGGCCAAGGGCACGCCTGCCTGGGCATTGCGAGTCATATCTCTCCCTTAACGAGGCTGTCCAGGCATACTGTTCAGCCGGTGCGGGTGTGAGTTTGGCCCCTTGTTCTTTGGTGCTGGGGGTCTAAGAGCTGCAGGGGCTTTTGATGGTCCTAAATTCGGCAAGAGGTGGACGCAACGCGCTACAACAAAACTGTTGTGCGAATGCCCCGGGTTGTCGTATTAGATGGGCCAGCATAATCTAAACACCCTTGTGAACCCCATTGGAGGCCCATCAACCCATGATCAGTTGATGGCCATTTGGTTGCGACCCCAGGTCAGGTGAGGCAACCCGCTGAGTTTAAGC,179,195,217,197,47.46192893401015,52.53807106598985
gi|2765621|emb|Z78496.1|PAZ78496 P.armeniacum 5.8S rRNA gene and ITS1 and ITS2 DNA,CGTAACAAGGTTTCCGTAGGTGAACCTGCGGAAGGATCATTGTTGAGATCGCATAATAATTGATCGAGTTAATCCAGAGGATCGGTTTACTTTGGTCACCCTTGGGCGCCTGCTATTGCGGTGACCTAGATTTGCCATGGAGGGAGCCTCCTTGGGAGCTTTCTTGCCGGCGATCTAACCCTTGCCCGGCGCAGTTTTGCGCCAAGTCATATGACACATAATTGGTGAAGGGCATATCCCTTCGTGAATTCGAGGAGGGGCCGGCATGTGGCCTTGACCTCTCCAATTAATTTTTTGAACAACTCTCAGCAACGGATATCTCGGCTCTTGCATCGATGGAGGGACGCACCGAAATGCGATAAGTGGTGTGAATTGCAGAATCCCGTGAACCATCGAGTCTTTTGAACGCAAGTTGCGCCCAAGGCCATCAGGCCAAGGGCACGCCTGCCTGGGCATTGCGAGTCATATCTCTCCCTTAATGAGGCTGTCCATGCATACTGTTCAGCCGGTGCGGATGTGAGTTTGGCCCCTTGTTCTTTGGTGCTGGGGGTCTAAGAGCTGCAGGGGCTTTTGATGGTCCTAAATTCGGCAAGAGGTGGACGAATCATGCTACAACAAAACTGTTGGGCGAATGCTCCAGGTTGTCGTATTAGATGGGCCATCATAATCTAGAGACCCTTGTGAACCCCATTGGAGGCCCATCAACCCATGATCAGTTGATGGCCTTTTGGGTTGCGACCCCAGGTCAGGTGAGGCAACCAGCTGAGTTTAAGC,171,202,217,184,48.19121447028424,51.80878552971576
gi|2765620|emb|Z78495.1|PEZ78495 P.emersonii 5.8S rRNA gene and ITS1 and ITS2 DNA,CGTAACAAGGTTTCCGTAGGTGAACCTCCGGAAGGATCATTGTTGAGATCACATAATAATTGATCGAGATAATCCAGAGGATCGGTTTACTTTGGTCACCCATGGGCGCTTGCTATTGCGGTGACCTAGAGTTGCCATGGAGAGCCTCCTTGGGAGCTTTCTTGCCGGCGATCTAACCCTTGTCCGGCGCGGTTTTGCGCCAAGTCATATGACACATAATTGGTGAAGGGCATAGCCCTTCGTGTATTCAAGGAGGGGGGGCGGCATGTGGCCTTGACACTGCACTCGCTCTCCCCCTCTCCAAAGTATTTTTCTGAACAACTCTCAGCAACGGATATCTCAGCTCTTGCATCGGATGGAGGAACGCAGCGAAATCCGATAAGTGGTGTGAATTGCAGAATCCCGTGAACCATCGAGTCTTTTGAACGCAAGTTGCGCCCGAGGCCATGAGGCCAAGGGCACGCCTGCCTGGGCATTGCGAGTCATCTCTCTCCCTCAATGAGGCTGTCCATGCATACTGTTCAGCCGGTGCGGATGTGAGTTTGGCCCCTTGTTCTTTGGTGCTGGGGGTCTAAGAGCAGCAGGGGCTTTTGATGGTCCTAAATTCGGCAAGAGGTGGACGAATCAGGCTACAACAACACTGTTGTTGTGCGAATGCTCCAGGTTGTCGTATTAGATGGGCCGGCATAATCCAGAGACCCTTGTGAACCCCATTGGAGGCCCATCAACCCATGATCAGTTGATGGCCATTCGGTTGCGACCCCAGGTCAGTGAGCAACCCGCTGAGTG,172,198,222,197,46.89480354879595,53.10519645120405
gi|2765619|emb|Z78494.1|PNZ78494 P.niveum 5.8S rRNA gene and ITS1 and ITS2 DNA,CGTAACAAGGTTTCCGTAGGTGAACCTGCGGAAGGATCATTGTTGAGGTCGCATAATAATTGATCGAGTTAATCTGGAGGATCAGTTTACTTTGGTCACCCATGGACATTTACTGTTGCAGTGACCTAGATTTACCATCGGGCCTCCTTGGGAACTTTCCTGCTGGCGATCTATACCCTTGCCCGGCGCAGTAATGCGCCAAATCAAATGACCCATAATTAATGAAGGGGGACGGCATACTGCCTTGACCAACTCCCCATTATTGAGGTAACACTCTCAACTTCGGATATCTCAGGTGTGAATTGCAGAATCCCGTTAACATCGAGTCTTTGAACGCAAGTTGGGCCCGAGGCCAACAGGCCAAGGGAACGCCTGTCTGGGCATTGCGAGTCATATCTCTCCCTTAATGAGGCTGTCCATACGTACTGTTCAGCCGGTGCGGATGTGAGTTTGGCCCCTTGTTCTTCGGTACGGGGGGTCTAAGAGCTGCATGGGCTTTTGATGGTCCTAAATACGGCAAGAGGTGGACGAACTATGCTACAACAAAACTGTTGTGCGAATGCCCCGGGTTGTTGTGTTTAATCAGAAGACCCTTTTGAACCCCATTGGAGGCCCATCGACCCATGATCAGTTGAATGGCCATTTGGTTGCGATCCCAGGTCAGGTGAGGCAACCCGCTGAGTTTAAG,162,182,181,163,50.0,50.0
gi|2765618|emb|Z78493.1|PGZ78493 P.godefroyae 5.8S rRNA gene and ITS1 and ITS2 DNA,CGTAACAAGGATTCCGTAGGTGAACCTGCGGAAGGATCATTGTTGAGATCGCATAATAATTGATCGAGTTAATCTGGAGGATCGGTTTACTTTGGTCACCCATGGGCATTTTCTGTTGCAGTGACCTAGAATTTCCATCGGGCCTCCCTGGGAGCTTTCCTGCTGGCGATCTATACCCTTGCCCGGCGCAGTTTTGCGCCAAGTCAAATTTTACATAAGTGGTGAAGGGGGGCGGCATTCTTCCTTGACCAGCCCCCAAGTATTTAGGTAACAACTCTCAGCAACGGATATCTCGGCTCATGCATCGATGAAGGAACGCAGCGAGATTCGATAAATGGTGTGCCTTGCAGAATCCCGTGAACCATCGAATCTTTGAACGCAAGTTGCGCGCGAGGCCATCAGCCCAAGGGGACGCCTGCCTGGACATTGCGACTCATATCTCTCCCTTAATGAGGCTGTCCAAACGTACTGGTCATCCGGTGTGGATGTGAGTTTGGCCCCTTGTTCTTCGGTACGGGGGGTCTAAGAGCTGCATGGGCTTTTGATGGTCCTAAATACGGCAAGAGGTGGACGAACTATGCTACAACAAAACTGTTGTGCGAATGCCCCGGGTTGTTGTGTTTAATCAGAAGACCCTTTTGAACCCCATTGGAGGCCCATCGACCCATGATCAGTTGAATGGCCATTTGGTTGCGATCCCAGGTCAGGTGAGGCAACCC,164,187,194,174,48.81780250347705,51.18219749652295
gi|2765617|emb|Z78492.1|PBZ78492 P.bellatulum 5.8S rRNA gene and ITS1 and ITS2 DNA,CGTAACAAGGTTTCCGTAGGTGAACCTGCGGAAGGATCATTGTTGAGATCGCATAATAATTGATCGAGTTAATCTGGAGGATCAGTTTACTTTGGTCACCCACGGGCATTTGCTGTTGCAGTGACCTAGAATTTGCCATCGAGCCTCCTTGGGAGCTTTCTTGCTGGCGATCTATACCCTTGCCCGGCGCAGTTTTGCGCCAAGTCATATGTCACATAATTGGTGAAGGGGGGGAGCGTACTGCCTTGACCCACTCCAAATTATTTTTTTAACAACTCTCAGCAACGGATATCTCGGCTCTTGCATCGATGTAGAACCCAGCGAAATGCGATACTGGTGTGATTTGCAGAATCCCGTGGACCATCGAGTCTTTGAACGCAAGTTGCGCCCGAGGCCATCAGGCCAAGGGCACGCCTGCCTGGGCATTGCGAGTCAAATCTCTCCCTTAATGAGGCTGTCCATACATACTGTTCAGCCGGTGCGGATGTGAGTTTGGCCCCTTGTTCTTTGGGACGGGGGGTCTAAGAGCTGCACGGGCTTTTGATGGTCCTAAATACGGCAAGAGGTGGACGAATTATGCTACAACAAAACTGTTGTGCGAATGCCCCGGGTTGTTGTGTTACATGGGCCAGCTTAATCAGAAGACCCTTTTGGACCCCATTGGAGGCCCATCAACCCATGATCAGTTGATTGGCCATTTGGTTGCGATCCCAGTCAGGTGAGGCACACCGCTGAGTTTAATA,167,200,199,177,49.3943472409152,50.6056527590848
gi|2765616|emb|Z78491.1|PCZ78491 P.concolor 5.8S rRNA gene and ITS1 and ITS2 DNA,CGTAACAAGGTTTCCGTAGGTGAACCTGCGGAAGGATCATTGTTGAGATCGCATAATAATTGATCGAGTTAATCTGGAGGATCAGTTTACTTTGGTCACCCACGGGCATTTGCTGTTGCAGTGACCTAGATTTGCCATCGGGCCTCCTTAGGAGCTTTCTTGCTGGCGATCTATACCCTTGCCCGGCGCAGTTTTGCGCCAAGTCATATGACACATAATTGGTGTTGGGGGGAGGCGTGCTGCCTTGACCCGCTCCAAATTATATTTTTAACAACTCTCAGCAACGGATATCTCGGCTCTTGCATCGATGAAGAACCAGCGAAATGCGATAAATGGTGTGAATTGCAGAATCCCGTGAACCATCGAGTCTTTGAACGCAAGTTGCGCCCGAGGCCATCAGGCCAAGGGCACGCCTGCCTGGGCATTGCGAGTCATATCTCTCCCTTAATGAGGCTGTCCATACATACTGTTCAGCCGGTGCGGATGTGAGTTTGGCCCCTTGTTCTTTGGTACGGGGGGTCTAAGAGCTGCATGGGCTTTTGATGGTCCTAAATACGGCAAGAGGTGGACGAACTATGCTACAACAAAATGTTGTGCGAATGCCCCGGGTTGTTGTGTTACATGGACCAGCATAATCAGAAGACCCTTTGGACCCCATTAGAGGCCCATCAACCCATGATCAGTTGAATGGCCATTTGTTGCGATCCCAGTCAGGTGAGCAACCCGCTGAGATAAGC,172,194,196,175,49.6607869742198,50.3392130257802
gi|2765615|emb|Z78490.1|PFZ78490 P.fairrieanum 5.8S rRNA gene and ITS1 and ITS2 DNA,CGTAACAAGGTTTCCGTAGGTGAACCTGCGGAAGGATCATTGTTGAGATCACATAATAATTGATCGAGTTAATCTGGAGGATCAGTTTACTTTGGTCACCCATGGGCATTTGCTGTTGCAGTGACCGAGATTTGCCATCGAGCCTCCTTGGGAGCTTTCTTGCTGGCGATCTGAACCCTAGTCCGGCGCAGTTTTGCGCCAAGTCATATGGCACATAATTGGTGAAGGGGGCGGCATGCTGCCTCGACCCTCCCCAAATTATTTTTTAACAACTCTCAGCAACGGATATCTCGGCTCTTGCATCGATGAAGAACGCAGCGAAATGCGATAAATGGTGTGAATTGCAGAATCCCGTGAACCATCGAGTCTTTGAACGCAAGTTGCGCCCGAGGCCATCAGGCCAAGGGCACGCCTGCCTGGGCATTGCGAGTCATATCTCTCCCTTAATGAGGCTGTCCAAACATACTGTTCAGCCGGTGCGGATGTGAGTTTGGCCCCTTGTTCTTTGGTACGGGGGGTCTAAACGCTGCATGGGCTTTTGATGGTCCTAAATACGGCAAGAGGTGGACGACTGTTCTGCAACAAGTGTTGTGCGAATGCCCCGCGTTGTCGTATTAGATGGGCCAGCATAATTTGAAGACCCTTTTGAACCCCATTGGAGGCCCGTCAACCCATGATCAGTTGACGGCCATTTGGTTGCGACCCCAGTCAGGTGAGCAACCAGCTGA,165,189,197,177,48.626373626373635,51.373626373626365
gi|2765614|emb|Z78489.1|PDZ78489 P.druryi 5.8S rRNA gene and ITS1 and ITS2 DNA,CGTAACAAGGTTTCCGTAGGTGAACCTGCGGAAGGATCATTGTTGAGATCACATAATAATTGATCGAGTTAATCTGGAGGATCAGTTTACTTTGGTCACCCGAGGGCATTTGCTATTGCAGTGACCGAGATTTGCCATCGAGCCTCCTTGGGAGCTTTCTTGCTGGCGATCTAAACCCGAGCCCGGCGCAGTTTTGCGCCAAGTCATATGACACATAATTGGTGAAGGGGGCGGCATGCTGCCTTGACCCTCCCCAGATTATTTTTTAACAACTCTCAGCAACGGATATCTCGGCTCTTGCATCGATGAAGAACGCAGCGAAATGCGATAAATGGTGTGAATTGCAGAATCCCGTGAACCATCGAGTCTTTGAACGCAAGTTGCGCCCGAGGCCATCAGGCCAAGGGCACGCCTGCCTGGGCATTGCGAGTCATATCTCTCCCTTAATGAGGCTGTCCATACATACTGTTCAGCCGGTGGGGATGTGGGTTTGGCCCCTTGTTCATTGGTACGGGGGGTCTAAGAGCTGCATGGGATTTTGATGGTCCTAAATACGGCAAGAGGTGGACGAACTATGCTACAACAAAACTGTTGTGCGAATGCCCCGAGTTGTCGTATTAGATGGGCCCAGCATATCTGAAGACCCTTTTGAACCCCATGGAGGCCCATCAACCCATGATCAGTTGATGGCCATTTGGTTGCGACCCCAGGTCAGGTGAGGCAACCCGCTGAGTTTAGGC,173,188,202,177,48.78378378378378,51.21621621621622
gi|2765613|emb|Z78488.1|PTZ78488 P.tigrinum 5.8S rRNA gene and ITS1 and ITS2 DNA,CTGTAGGTGAACCTGCGGAAGGATCATTGTTGAGATCACGCAATAATTGATCGAGTTAATCTGGAGGATCAGTTTACTTTGGTCACCCATGGGCATTTGTTATTGCAGTGACCGAGATTTGCCATCGAGCCTCCTTGGGAGCTTTCTTGCTGGCGATCTTAACCCTAGCCCGGCGCAGTTTTGCGCCAAGTCATACGACACATAATTGGTGAAGGGGGCGGCATGGTGCCTTGACCCTCCCCTAATTATTTTCTAACAACTCTCATCAACGGGATGGAGAACGCAGCGAAATGCGATAAATGGTGTGAATTGCAGAATCCCGTGAACCATCGAGTCTTTGAACCCAAGTTGCGCCCGAGGCCATCAGGCCAAGGGCACGCCTGCCTGGGCATTGCGAGTCAAATCTCTCCCTTAATGAGGCTGTCCATACATACTGTTCAACCGGTGCGGATGTGAGTTTGCCCCCTTGTTCATTGGTACGGGGGGTCTAAGAGCTGCATGGGCTTTTGATGGTCCTAAAAACGGCAAGAGGTGGACGAACAACGCCACAACCAAACTGTTGTGCGGATCCCCCGGGTTGTCGTATTAGATGGGCCATCATAATCTGAAGACCCTTTTGAACCCCATCGGAGGCCCATCAACCCATGATCAGTTGATGGACATTTGTTGCGACCCCAGTCAGGTGAGCAACCGGCT,164,174,184,174,48.56321839080459,51.43678160919541
gi|2765612|emb|Z78487.1|PHZ78487 P.hirsutissimum 5.8S rRNA gene and ITS1 and ITS2 DNA,CGTAACAAGGTTTCCGTAGGTGAACCTGCGGAAGGATCATTGTTGAGATCACATAATAATTGATCGAGTTACTCTGGAGGATCAGTTTACTTTGGTCACCCATGGGCATTTGCTATTGCAGTGACCGGGATTTGCCATCGAGCCTCCTTGGGAGCTTTCTTGCTGGCGATCTAAACCCTAGCCCGGCGCAGTTTTGCGCCAAGTCATATGACACATAATTGGTGAAGGGGGCGGCATGCTGCCTTTACCCTCCCCAAATTATTTTTTAACAACTCTCAGCAACGGATATCTCGGCTCTTGCATCGATGAAGAACGCAGCGAAATGCGATAAATGGTGTGAATTGCAGAATCCCGTGAACCATCGAGTCTTTGAACGCAAGTTGCGCCCGAGGCCATCAGGCCAAGGGCACGCCTGCCTGGGCATTGCGAGTCATATCTCTCCCTTAATGAGGCTGTCCATACATATTGTTCAGCCGGTGCGGATGTGAGTTCGGCCCCTTGTTCTTCGGTACGGGGGGTCTAAGAGCAGCATGGGCTATCGATGGTCCTAAATGCGGCAAGAGGTGGACGAACTATGCTACAACAAAACTGTTGTGCGAATGCCCCGGGTTGTCGTATTAGATGGGCCAGCGTAATCTAAAGACCCTTTTGAACCCCATTAGAGGCCCATCAACCCATGATCAGTTGGGGCCACTTGTTGCGACCCCAGTCAGGTGAGCAACCGCTGAGTAA,173,185,194,180,48.90710382513661,51.09289617486339
gi|2765611|emb|Z78486.1|PBZ78486 P.barbigerum 5.8S rRNA gene and ITS1 and ITS2 DNA,CGTCACGAGGTTTCCGTAGGTGAATCTGCGGGAGGATCATTGTTGAGATCACATAATAATTGATCGAGATTATCTGGAGGATCAGTTTACTTTGGTCACCCATGGACATTTGCTATTGCAGTGCCCGAGATTTGCCATCGAGCCTCCTTGGGAGCTTTCTTGCTGGCGATCTAAACCCTAGCCCGGCGCAGTTTTGCGCCAAGTCATATGACACATAATTGGTGAAGGGTGCGGCATGGTGCCTGACCCTCCCCAAATTATTTCTTAACAACTCTCAGCAACGGATATCTCGCTCTTGCATCGATGAAGAACGCAGCGAAATGCGATAAATGGTGTGAATTGCAGAATCCCGTGAACCATCGAGTCTTTGAACGCAAGTTGCGCCCGAGGCCATCAGGCCAAGGGCACGCCTGCCTGGGCATTGCGAGTCATATCTCTCCCTTAATGAGGCTGTCCATACATACTGTTCAGCCGGTGCGGATGTGAGTTTGGCCCCTTGTTCATTGGTACGGGGGGTCTAAGAGCTGCGTGGGCTTTTGATGGTCCTAAATACGGCAAGAGGTGGACGAACTATGCTACAACAAAACTGTTGTGCGAATGCCCCGGGTTGTCGTATTAGATGGGCCAGCATAATCTAAAGACCCTTTTGAACCCCATTGGAGGCCCATCAACCCATGATCAGTTGATGGCCATTTGGTAGCGACCCCAGGTCAGGTGAGGCAACCCGCTGA,171,187,195,178,48.97400820793434,51.02599179206566
gi|2765610|emb|Z78485.1|PHZ78485 P.henryanum 5.8S rRNA gene and ITS1 and ITS2 DNA,CTGAACCTGGTGTCCGAAGGTGAATCTGCGGATGGATCATTGTTGAGATATCATAATAATTGATCGAGTTAATCTGGAGGATCAGTTTACTTTGGTCACCATGGGCATTTGCTATTGCAGTGACCGAGATTTGCCATCGAGCCTCCTTGGGAGCTTTCTTGCTGGCGATCTAAACCCTAGCCCGGGGCAGTTTTGCGCCAAGTCATATGACACATAATTGGTGAAGGGTGCGGCATGGTGCCTTGACCCTCCCCAAATTATTTCTTAACAACTCTCAGCAACGGATATCTCGGCTCTTGCATCGATGAAGAACGCAGCGAAATGCGATAAATGGTGTGAATTGCAGAATCCCCGTGAACATCGAGTCTTTGAACGCAAGTTGCGCCCGAGGCCATCAGGCCAAGGGCACGCCTGCCTGGGCATTGCGAGTCATATCTCTCCCTTAATGAGGCTGTCCATACATACTGTGCAGCCGGTGCGGATGTGAGTTTGGGCCCTTGTTCATTGGTACGGGGGGTCTAAGAGCTGCGTGGGCTTTTGATGGTCCTAAATACGCCAAGAGGTGGACGAACTATGCTACAACAAAACTGTTGTGCGAATGCCCCGGGTTGTCGTATTAGACGGGCCAGCACAATCTAAAGACCCCTTTGAACCCCATTGGAGGCCCATCAACCCATGATCAGTTGATGGCCATGTGTTGCGACCCCAGTCAGCTGAGCAACCCCTGATTTAGTA,173,189,195,178,49.2517006802721,50.7482993197279
gi|2765609|emb|Z78484.1|PCZ78484 P.charlesworthii 5.8S rRNA gene and ITS1 and ITS2 DNA,CGTAACAAGGTTTCCGTAGGTGAACCTGGGGAAGGATCATTGTTGAGATCACATAATAATTGATCGAGTTAATCTGGAGGATCAGTTTACTTTGGTCACCCATGGGCATTTGGCTATTGCAGTGACCGAGAGTTTACCATCGAGCCTCCATGGGAGCTTTCTTGCTGGCGATCTAAACCCTAGCCCGGCGCAGTTTTGGCCCAAGTCATATGACACATAATTGTGAAGGGGCGGCATGTTTCCTACCCTCCCAACTCTCAGCAACGGATATCTCGCTCTTGCATCGATGAAGAACGCAGCGAAATGCGATAAATGGTGTGAATTGCAGAATCCCGTGAACCATCGAGTCTTGGAACGCAAGTTGCGCCCGAGGCCATCAGGCCAAGGGCACGCCTGCCTGGGCATTGCGAGTCATATCTCTCCCTTAATGAGGCTGTCCATACATACTGTTCAGCCGGTGCGGATGTGAGTTTGGCCCCTTGTTCATTGGTACGGGGGGTCTAAGAGCTGCGTGGGCTTTTGATGGTCCTAAATACGGCAAGAGGTGGACGAACTATGCTACAACAAAACTGTTGTGCGAATGCCCCGGGTTGTCGTATTAGATGGGCCAGCATAATCTAAAGACCCTTTGACACCCCATTGGAGGCCCATCAACCCATGATCAGTTGATGGTCCATTGGGTTGCGACCCCAAGTCAGGTGAAGCAACTCCCTGAGTTTT,171,183,192,174,49.16666666666667,50.83333333333333
gi|2765608|emb|Z78483.1|PVZ78483 P.villosum 5.8S rRNA gene and ITS1 and ITS2 DNA,CGTAACAAGGTTTCCGTAGGTGAACCTGCGGAAGGATCATTGTTGAGATCACATAATAATTGATCGAGTTAATCTGGAGGATCAGTTTACTTTGGTCACCCATGGGCATTTGCTATTGCAGTGACCGAGATTTGCCATCGAGCCTCCTTGGGAGCTTTCTTGCTGGCGATCTAAACCCTAGCCCGGCGCAGTTTTGCGCCAAGTCATATGACACATAATTGGTGAAGGGGGCGGCATGCTGCCTTGACCCTCCCCCAAATTATTTTTTAACAACTCTCAGCAACGGAAATCTGGCCTCTTGCATGGATGAAGACCAAACCGAAATCATAAATGGTGTGAATTGCAGAATCCCGTGAACAATCGAGTCTTTGAACGCAAGTTGCGCCCGAGGCCATCAGGCCAAGGGCACGCCTGCCTGGGCATTGCGAGTCATATCTCTCCCTTAATGAGGCTGTCCACACATATCTGTTCAGCCGGTGCGGATGTGAGTTTGGCCCCTTGTTCATTGGTACGGGGGGTCTAAGAGCTGCATGGGCTTTTGTTGGTCCTAAATACGGCAAGAGGTGGACGAACTATGCTACAACAAAACTGTTGTGCGAATGCCCCGGGTTGTCGTATTAGATGGGCCAGCATAATCTAAAGACCCTTTTGAACCCCATTGGAGGCCCATCAACCCATGATCAGTTGATGGCCATTTGGTTGCGACCCCAGGTCAAGTGAAGCAACCCCTGAGTTTAGCA,180,191,190,179,50.13513513513514,49.86486486486486
gi|2765607|emb|Z78482.1|PEZ78482 P.exul 5.8S rRNA gene and ITS1 and ITS2 DNA,TCTACTGCAGTGACCGAGATTTGCCATCGAGCCTCCTGGGAGCTTTCTTGCTGGCGATCTAAACCGTAGCCCGGCGCAGTTTTGCGCCAAGTCATATGACACATAATTGGTGAAGGGGGCGGCATGCTGCCTTGACCCTCCCCAAATTATTTTTTAACAACTCTCNGCAACGGATATCTCGCCTCTTCATCGATGAAGAACGCAGCGAAATGCGATAAATGGTGTGAATTGCAGAATCCCGTGAANCCATCGAGTCTTTGAACGCAAGTTGCGCCCGAGGCCATCAGGCCAAGGGCACGCCTGCCTGGGCATTGCGAGTCATATCTCTCCCTTAATGAGGCTGTCCATACATACTGTTCAGCCGGTGCGGATGTGCGTTTGGCCCCTTGTTCATTGGTACGGGGGGTCTAAGAGCTGCGTGGGCTTTTGATGGTCCTAAATACGGCAAGAGGTGGACGAACTATGCTACAACAAAACTGTTGTGCGAATGCCCCGGGTTGTCGTATTAGATGGGCCAGCATAATCTAAAGACCCTTTTGAACCCCATTGGAGGCCCATCAACCCATGATCAGTTGATGGCCATTTGGTTGCGACCCCAGGTCAGGTGAGGCAACCCGCTGAGTTTAGCA,143,156,167,161,47.85373608903021,52.14626391096979
gi|2765606|emb|Z78481.1|PIZ78481 P.insigne 5.8S rRNA gene and ITS1 and ITS2 DNA,CGTAACAAGGTTTCCGTAGGTGAACCTGCGGAAGGATCATTGTTGAGATCACATAATAATTGATCGAGTTAATCTGGAGGATCAGTTTACTTTGGTCACCCATGGGCATTTGCTATTGCAGTGACCGAGATTTGCCATCGAGCCTCCTTGGGAGCTTTCTTGCTGGCGATCTAAACCCTAGCCCGGCGCAGTTTTGCGCCAAGTCATATGACACATAATTGGCGAAGGGGGCGGCATGGTGCCTTGACCCTCCCCAAATCATTTTTTTAACAACTCTCAGCAACGGAAGGGCACGCCTGCCTGGGCATTGCGAGTCATATCTCTCCCTTAATGAGGCTGTCCACACATACTGTTCAGCCGGTGCGGATGTGAGTTTGGCCCCTTGTTCATTGGTACGGGGGGTCTAAGAGCTGCGTGGGCTTTTGTTGGTCCTAAATACGGCAAGAGGTGGACGAACTATGCTACAACAAAACTGTTGTGCGAATGCCCCGGGTTGTCGTATTAGATGGGCCAGCATAATCTAAAGACCCTTTTGAACCCCATTGGAGGCCCATCAACCCATGATCAGTTGA,132,153,150,137,49.82517482517482,50.17482517482518
gi|2765605|emb|Z78480.1|PGZ78480 P.gratrixianum 5.8S rRNA gene and ITS1 and ITS2 DNA,CGTAACAAGGTTTCCGTAGGTGAACCTGCGGAAGGATCATTGTTGAGATCACATAATAATTGATCGAGTTAATCTGGAGGATCAGTTTACTTTGGTCACCCATGGGCATTTGCTATTGCAGTGACCGAGATTTGCCATCGAGCCTCCTTGGGAGCTTTCTTGCTGGCGATCTAAACCCTAGCCCGGCGCAGTTTTGCGCCAAGTCATATGACACATAATTGGCGAAGGGGGCGGCATGCTGCCTTGACCCTCCCCAAATTATTTTTTAACAACTCTCAGCAACGGATAGGCCATCAGGCTAAGGGCACGCCTGCCTGGGCATTGCGAGTCATATCTCTCCCTTCAATGAGGCTGTCCACACATACTGTTCAGCCGGTGCGGATGTGAGTTTGGCCCCTTGTTCATTGGTACGGGGGGTCTAAGAGCTGCGTGGGCTTTTGTTGGTACCTAAATACGGCAAGAGGTGGACGAACTATGCTACAACAAAAATGTTGTGCGAATGCCCCGGGTTGTCGTATAGATGGGCCAGCATAATCTAAAGACCCTTTTGAACCCCATTGGAGGCCCATCAACCCATGATCAGTTGA,138,155,153,141,49.91482112436116,50.08517887563884
gi|2765604|emb|Z78479.1|PPZ78479 P.primulinum 5.8S rRNA gene and ITS1 and ITS2 DNA,CGTAACAAGGTTTCCGTAGGTGAACCTGCGGAAGGATCATTGTTGAGATCACATAATAATTGATCGAGTTAATCAGGAGGATCAGGTTACTTTGGTCACCCATGGGCATTTGCTGTTTCAGTGACCTAGATTTGCCATCGAGCCGAACTAAACCCTTGCCCGGCGCAGATTTGCGCCAATTTATATGAGACATTACTGGAAGGGGAGGGATGCTGCCTTGCCTTGCCCCCCAAATTATTTTTTAACAACTCTCAGCAACGGATATCTCGCCTCTTGCATCGATGAAGAACGCAGCGAAATGCGATAAATGGTGTGAATACAGAGATCCCGTGAACCATCGAGTCTTGAACGCAAGTTGCGCCCGAGGCCATCAGGCCAAGGGCACGCCTGCCTGGGCATTGCGAGACATATCTCTCCCTTAATGAGGCTGTCGTTCAGCCGGTGCGGATGTGAGTTTGGCCCCTTGTTCTTTGGTACGGGGGGTCTAAGAGCTGCATGGGCTTTTGATGGTCCTAAATACGGCAAGAGGTGGACGAACTATGCGACAACAGAACTGTTGTGCGAATGCCCCGGGTTGTCGTATTAGATGGGCCAGCATAATCTAAAGACCCTTTTGAACCCCATTGGAGGCCCATCAACCCAAGATCAGTTGACGGCCATTTGGATGCGACCCCAGGTCAGGTGAGGCAACCCTCTGAGT,171,173,188,168,49.142857142857146,50.857142857142854
gi|2765603|emb|Z78478.1|PVZ78478 P.victoria 5.8S rRNA gene and ITS1 and ITS2 DNA,CGTAACAAGGTTTCCGTAGGTGAACCTCCGGAAGGATCAGTGTTGAGATCACATAATAATTGATCGAGTTAATCTGGGGGATCAGTTTACTTTGGTCACCCATGGGCATTTGCTGTTGCAGTGGCCTAGAGTTTGCCATCGAGCCGATCTAAACCCTTGCCCGGCGCAGTTTTGCGCCAAGTCATATGACACATAACTGGAAGGGGCGGCATGCTGCCATGGCTCCCCCAAATATTGATAATGGCGTGATAGCAGATCCCTGAACATCGAGTTTTGAACGCATGTTGCGTCCGAGGCCATCAGGTCAAGGGGACGCCTGCCTGGAAATTGTGAGACATATCTCTCCCTTAATGAGGCTGCCATACATACTGTTCAGCCGGTGCGGATGTGAGTTTGGCCCCTTGTCCTTTGGTACGGGGGTCTAAGAGCTGTATGGGTTGGATGGTCCTAAATACGGCAAGAGGTGGACGAGCTATGTGACAACAGAACTGTTGTGCGAATGCCCCGGTTGTCGTTTAGATGGGTCAGCATAATCTAAAGACCCTTTTGACCCCCATTGGAGGCCCATCAACCCATTATCAGTTGAGGACATTTGGTTGCGACCCAGGTCAGATGAGGCACCCGCTGAGTTTAGGC,147,164,178,147,48.899371069182386,51.100628930817614
gi|2765602|emb|Z78477.1|PVZ78477 P.victoria 5.8S rRNA gene and ITS1 and ITS2 DNA,CGTAACAAGGTTTCCGTAGGTGAACCTGCGGAAGGATCATTGTTGAGATCACATGATAATTGATCGAGTTAATCTGGAGGATCAGTTTGCTTTGGTCACCCATGGGCATTTGCTGTTGCAGTGACCTAGATTTGCCATCGAGCCGATCTAAACCCTTGCCCGGCGCAGTTTTGCGCCAAGTCATATGACACATAATTGGAAGGGGCGGCATGCTGCCTTGCCCTCCCCAAATATTTGTTAACCAACTCTCAGCAACGAGTATCTCGGCTCTTGCATCGGATGGAAGGACGCAGCGAAATGCGATAAATGGTGTGAATTGCAAGAATCCCTGAACCATCGAGTCTTTGGAACGCAAGTTGCGGCCGAGGCCATCAGGCCAAGGGCACGCCTGCCTGGGCATTGCGAGACATATCTCTCCCTTAATGAGGCTGTCCACACATACTGTTCAGCCGGTGCGGATGTGAGTTTGGCCCCTTGTTCTTTGGTACGGGGGGTCTAAGAGCTGCATGGGCTTTTGATGGTCCTAAATACGGCAAGAGGTGGACGAACTATGCGACAACAGAACTGTTGTGCGAATGCCCCGGGTTGTCGTATTAGATGGGCCAGCATAATCTAAAGACCCTTTTGAACCCCATTGGAGGCCCATCAACCCATGATCAGTTGACGGCCATTTGGTTGCGACCCCAGGTCAGGTGAGGCAACCGCTGAGTTTATGC,168,179,196,173,48.463687150837984,51.536312849162016
gi|2765601|emb|Z78476.1|PGZ78476 P.glaucophyllum 5.8S rRNA gene and ITS1 and ITS2 DNA,CGTAACAAGGTTTCCGTAGGTGAACCTGCGGAAGGATCATTGTTGAGATCACATGATAATTGATCGAGTTAATCTGGAGGATCAGTTTACTTTGGTCACCCATGGGCATTTGCTGTTGTAGTGACCTAGATTTGCCATCGAGCCGATCTAAACCCTTGCCCGGCGCAGTTTTGCGCCAAGTCATATGACACATAATTGGAAGGGCGGCATGCTGCCTTGGCCCTCCCCAAATTATTTTTTTAACAACTCTCAGCAACGGATATCTCGGCTCTTAGGCCATCCGGCCAAGGGCACGCCTGCCTGGGCATTGCGAGACATATCTCTCCCTTAATGAGGCTGTCCATACATACAGTTCAGCCGGTGCGGATGTGAGTTTGGCCCCTTGTTCTTTGGTACGGGGGGTCTAAGAGCTGCATGGGCTTTTGATCCACCTAAATACGGCAAGAGGTGGACGAACTATGCGACAACAGAACTGTTGCGCGAATGCCCCGGGTTGTCGTATTAGATGGGCCAGCATAATCTAAAGACCCTTTTGAATCCCATTGGAGGCCCATCAACCCATGATCAGTTGACGGCCATTTGGTTGCGACCC,136,157,152,147,49.49324324324324,50.50675675675676
gi|2765600|emb|Z78475.1|PSZ78475 P.supardii 5.8S rRNA gene and ITS1 and ITS2 DNA,CGTAACAAGGTTTCCGTAGGTGAACCTGCGGAAGGATCATTGTTGAGATCACATAATAATTGATCGAGTTAATCTGGAGGATCAGTTTACTTTGGTCACCCATGGGCATCTGCTCTTGCAGTGACCTGGATTTGCCATCGAGCCTCCTTGGGAGCTTTCTTGCTGGCGATCTAAACCCGTCCCGGCGCAGTTTTGCGCCAAGTCATATGACACATAATTGGAAGGGGGTGGCATGCTGCCTTGACCCTCCCCAAATTATTTTTTTGACAACTCTCAGCAACGGATATCTCGGCTCTTNNNNNNNNNNNNNNNNNNNNNNNNNNNNNNNNNNNNNNNNNNNNNNNNNNNNNNNNNNNNNNNNNNNNNNNNNNNNNNNNNNNNNNNNNNNNNNNNATCAGGCCAAGGGCACGCCTGCCTGGGCATTGCGAGTCATATCTCTCCCTTAATGAGGCTGTCCATACATACTGTTCAGCCAATGCGGATGTGAGTTTGGCCCCTTGTTCTTTGGTACGGGGGGTCTAAGAGCTGCATGGGCTTTTGATGGTCCAAAATACGGCAAGAGGTGGACGAACTATGCTACAACAAAATTGTTGTGCGAATGCCCCGGGTTGTCGTATTAGATGGGCCAGCATAATCTAAAGACCCTTTTGAACCCCATTGGAGGCCCATCAACCCATGATCAGTTGACGGCCATTTGGTTGCGACCCAGGTCAGGT,140,170,160,150,56.703910614525135,43.296089385474865
gi|2765599|emb|Z78474.1|PKZ78474 P.kolopakingii 5.8S rRNA gene and ITS1 and ITS2 DNA,CGTAACAAGGTTTCCGTAGGTGAACCTGCGGAAGGATCATTGTTGAGATCACGTAATAATTGATCGAGTTAATCTGGAGGATCAGTTTACTTTGGTCACCCATGGGCATCTGCTCTTTCAGTGACCTGGATTTGCCATCGAGCCTCCTTGGGAGCTTTCTTGCTGGCGATCTAAACCCTTGCCCGGCGCAGTTTTGCGCCCAATCATATGACACATAATTGGAAGGGCGGCATCCTGCCTTGACCCTCCCCAAATTATATTTTTGACAACTCTCAGCAACGGATATCTCGCCTCTTGCATCGATGAAGACACAGCGAAATGCGATAAATGGTGTGAATTGCAGAATCCCGTGAACCATCGAGTCTTTGAACGCAAGTTGCGCCCGAGGCCATCAGGCCAAGGGCACGCCTGCCTGGGCATTGCGAGTCATATCTCTCCCTTAATGAGGCTGTCCATACATACTGTTCAGCCGGTGCGGATGTGAGTTTGGCCCCTTGTTCTTTGGTACGGGGGGTCTAAGAGCTGCATGGGCTTTTGATGGTCCAAAATACGGCAAGAGGTGGACGAACTATGCTACAACAAAATTGTTGTGCGAATGCCCCGGGTTGTCGTATTAGATGGGCCAGCATAATCTACAGACCCTTCTGAACCCCATTGGAGGCCCATCAACCCATGATCAGTTGACGGCCATTTGGTTGCGACCCCAGGTCAGGTGAAGCAACCCGTTGAGCTT,170,191,188,184,49.24965893587995,50.75034106412005
gi|2765598|emb|Z78473.1|PSZ78473 P.sanderianum 5.8S rRNA gene and ITS1 and ITS2 DNA,CGTAACAAGGTTTCCGTAGGTGAACCTGCGGAAGGATCATTGTTGAGATCACATAATAATTGATCGGGTTAATCTGGAGGATCAGTTTACTTTGGTCACCCATGGGCATCTGCTCTTGTAGTGACCTGGATTTGCCATCGAGCCTCCATGGGAGCTTTCTTGGTGGCGATCTAAACCCTTGCCCGGCGCAGTTTTGCGCCAAGTCATATGACACATAATTGGAAGGGGGCGGCATGCTGCCTTGACCCTCCCCAAATTATTTTGTTAACAACTCTCAGCAACGGATATCTCGGCTCTTCCCGAGGCCATCAGGCCAAGGGCACGCCTGCCTGGGCATTGCGAGTCATATCTCTCCCTTCAATGAGGCTGTCCATACATACTGTTCAGTCGGTGCGGATGTGAGTTTGGCCCCTTGTTCTTGCCTACGGGGGGTCTAAGAGCTGCATGGGCTTTTGATGGTACCTAAATACGGCAAGAGGTGGACGAACTATGCTACAACAAAATTGTTGTGCGAATGCCCCGGGTTGTCGTATTAGATGGGCCAGCATAATCTAAAGACCCTTTTGAACCCCATTGGAGGCCCATCAACCCATGATCAGTTGACGGCCATTTGGTTGCGACCCAGG,139,168,164,155,49.04153354632588,50.95846645367412
gi|2765597|emb|Z78472.1|PLZ78472 P.lowii 5.8S rRNA gene and ITS1 and ITS2 DNA,CGTAACAAGGTTTCCGTAGGTGAACCTGCGGAAGGATCATTGTTGAGATCACATAATAATTGATCGAGTTAATCTGGAGGATCAGTTTACTTTAGTCACCCATGGGCATCTGCTCTTGCAGTGACCTGGATTTGCCATCGAGCCTCCTTGGGAGCTTTCTTGCTGGCGATCTAAATCGTTGCCCGGCGCAGTCTTGCGCCAAGTCATTTCACACATAATTGGAAGGGGGCGGCATGCAGTCTAAGACCCTCCCCAAATTATTTTTTGATAACTCTCAGCAACGGAATCTCGGCTCTTGCATCGATGGAGGACGCAGCGAAATGCGATAAATGGTGTGAATTGCAGAATCCCGTGAACCATCGAGTCTTTGAACGCAAGTTGCGCCCGAGGCCATCAGGCCAAGGGCACGCCTGCCTGGGCATTGCGAGTCATATCTCTCCTTTAATGAGGCTGTCTATACATACTGTTCAGCCACAGCGGATGTGAGTTTGGCCCCTTGTTCTTTGGTACGGGGGGTCTAAGAGCTGCATGGGCTTTTGATGGTCTTAAATACGGCAAGAGGTGGACGAAGTATGCTACAACAAAATTGTAGTTCGAATGCCCAGGGTTGTCGTATTAGATGGGCCAGCATAATCTAAAGACCCTTTGAACCCCTTTAGAGGCCAATCAACCCATGATCAGTTGATGGCCATTTGGTTGCGACCCCAAGTCAGGTGAGGCAACCGCTGAGTTTAAGC,178,195,193,171,50.61058344640435,49.38941655359565
gi|2765596|emb|Z78471.1|PDZ78471 P.dianthum 5.8S rRNA gene and ITS1 and ITS2 DNA,CGTAACAAGGTTTCCGTAGGTGAACCTGCGGAAGGATCATTGTTGAGATCACATAATAATTGATCGAGTTAATCTAGAGGATCGGTTTACTTTGGTCACCCATGGGCATCTGCTCTTACAGTGACCTGGATTTGCCATCGAGCCTCCTTGGGAGCTGTCTTGCTGGCGATCTAAATCGTTGCCCGACGCAGCCTTGCGTCAAGTCACCCCGACACATAATGGAAGGGGGCGGCATGCTGCCTTGACCCTTCCCCAAATTAATTTTTTGACAACTCTCAACATCGGATATCTCGGCTCTTGCATCGATGAAGAACGCAGCGAAATGCGATAAATGGTGTGAATTGCAGAATCCCGTGAACCATCGAGTCTTTGAACGCAAGTTGCGCCCGAGGCCATCAGGCCAAGGGCACGCCTGCTTGGGCATTGCGAGTCATATCTCTCCCTTAATGAGGCTGTCCATACATACTGTTCAGCCAGTGCGGATGTGAGTTTGGCCCCTTGTTCTTTAGTACGGGGGGTCTAAAAGCTGCATGGGCTTTTGCTGGTCCTAAATACGGCAAGAGGTGGACAAAGTATGCTACAACAAAATTGTAGTGCGAATGCCCCGGGTTGTCGTATTAGATGGGCCAGCATAATTTAAAGACCCTTTTGAACCCCATTAGAGGCCCATCAACCCTGATCAGTTGATGGCCATTTGGTTGCGACCCCAAGTCAGGTGAGGCAACCCGCTGAGTTTAAGC,178,192,190,180,50.0,50.0
gi|2765595|emb|Z78470.1|PPZ78470 P.parishii 5.8S rRNA gene and ITS1 and ITS2 DNA,CGTAACAAGGTTTCCGTAGGTGAACCTGCGGAAGGATCATTGTTGAGATCACATAATAATTGATCGAGTTAATCTAGAGGATCAGTTTACTTTGGTCACCCATGGGCATCTGCTCTTACAGTGACCTGGATTTGCCATCGAGCCTCCTTGGGAGCTTTCTTGCTGGCGATCTAAATCGTTGCCCGACGCAGCCTTGCGTCAAGTCATATGACACATAATTGGAAGGGGGCGGCATGCTGCCTTGACCCTTCCCAAATTATTTTTTTAAGTTGCGCCCGAGGCCATCAGGCCAAGGGCACGCCTGCTTGGGCATTGCGAGTCATATCTCTCCCTTAATGAGGCTGTCCATACATACTGTTCAGCCAGTGCGGATGTGAGTTTGGCCCCTTGTTCTTTACTACGGGGGGTCTAAAAGCTGCATGGGCTTTTGCTGGTCCTAAATACGGCAAGAGGTGGACAAAGTATGCTACAACAAAATTGTAGTGCGAATGCCCCGGGTTGTCGTATTAGATGGGCCAGCATAATTTAAAGACCCTTTTGAACCCCATTAGAGGCCCATCAACCCTGATCAGTT,134,160,144,136,51.21951219512195,48.78048780487805
gi|2765594|emb|Z78469.1|PHZ78469 P.haynaldianum 5.8S rRNA gene and ITS1 and ITS2 DNA,CGTAACAAGGTTTCCGTAGGTGAACCTGCGGAAGGATCATTGTTGAGATCACATAATAATTGATCGAGTTAATCTGGAGGATCAGTTTACTTTAGTCACCCATGGGCATCTGCTCTTGCAGTGACCTGGATTTGCCATCGAGCCTCCTTGGGAGCTTTCTTGCTGGCGATCTAAATTCGTTGCCCGGCGCAGTCTTGCGCCAAGTCATATCACACATAATTGGAAGGGGGCGGCATGCGGTCTAGACCCTCCCCAAATTATTTTTTTGACAACTCTCAGCAACGGATATCTCGGCTCTTCCATCAGGCCAAGGGCACGCCTGCCTGGGCATTGCGAGTCATATCTCTCCCTTAATGAGGCTGTCCATACATACTGTTCAGCCACAGCGGATGTGAGTTTGGCCCCTTGTTCTTTGGTACGGGGGGTCTAAGAGCTGCATGGGCTTTTGATGGTACCTAAATACGGCAAGAGGTGGACGAAGTATGCTACAACAAAATGATAGTGCGAATGCCCAGGGTTGTCGTATTAGATGGGCCAGCATAATCTAAAGACCCTTTTGAACCCCATTAGAGGCCCATCAACCCATGATCAGTT,141,161,149,143,50.841750841750844,49.158249158249156
gi|2765593|emb|Z78468.1|PAZ78468 P.adductum 5.8S rRNA gene and ITS1 and ITS2 DNA,CGTAACAAGGTTTCCGTAGGTGAACCTGCGGAAGGATCATTGTTGAGATCGCATAATAATTGATTGAGTTAATCTGGAGGATCAGTTTACTTTGGTCACTCATGGGAATCTGCTCTTGTAGTGACCTGGATTTGCCATCGAGCCTCCTTGGGAGCTTTCTTGATGGCGATCTGAACCCTTGCCCGGCGCAGTTTTGCGCCAAGTCATATGACACATAATTGGGAGGGGCAGCATGCTGCCTTGACCCTCCCCATATCATTTTTTTAACGACTCTCAGCTCCGGAACTCAAGTTGCGCCCGAGGCCATCAGGCTAAGGGCACGCCTGCCTGGGCATTGCGAGTCATATCTCTCCCTTAATGAGGCTGTCCATACATACTGTTCAGCCAGTGCGGATGTGAGTTTGGCCCCTTGTTCTTCGGTACGGGGGGTCTAAGAGCAGCTGGGCTTTTGATGGACCTAAATACGGCAAGAGGTGGACGAAGTATGCTACAACAAAATTATTGTGTGAATGCCCCGGGTTGTCGTATAGATGGGCCAGCATAATCTAAAGACCCTTTTGAACCCCATTGGAGGCCCATCAACCCATGATCAGTTGACGGCCATTTGGTT,137,168,160,145,50.0,50.0
gi|2765592|emb|Z78467.1|PSZ78467 P.stonei 5.8S rRNA gene and ITS1 and ITS2 DNA,CGTAACAAGGTTTCCGTAGGTGAACCTGCGGAAGGATCATTGTTGAGATCACATAATAATTGATCGAGTTAATCTGGAGGATCAGTTTACTTTGGTCACCCATGGGCATCTGCTCTTGCAGTGACCTGGATTTGCCATCGAGCCTCCTTGGGAGCTTTCTTGCTGGCGATCTAAACCCTTGCCCGGCGCAGTTTTGCGCCAAGTCATATGACACATAATTGGAAGGGGGTGGCATGCTGCCTTGACCCTCCCCAAATTATTTTTTGACAACTCTCAGCAACGGATATCTCGGCTCTTGCATCGATGAAGAACGCAGCGAAATGCGATAAATGGTGTGAATTGCAGAATCCCGTGAACCATCGAGTCTTTGAACGCAAGTTGCGCCCGAGGCCATCAGGCCAAGGGTACGCCTGCCTGGGCATTGCGAGTCATATCTCTCCCTTAATGAGGCTGTCCATACATACTGTTCAGCCGGTGCGGATGTGAGTTTGGCCCCTTGTTCTTTGGTACGGGGGGTCTAAGAGCTGCATGTGCCTTTGGTGGTCCAAAATACGGCAAGAGGTGGACGAACTATGCTACAACAAAATTGTTGTGCGAATGACCCGGGTTGTCGTATTAGCTGGGCCAGCATAATCTAAAGACCCTCTTGAACCCCATTGGAGGCCCATCAACCCATGATCAGTTGACGGCCATATGTTTGCGACCCAGGTCAGGTGAGGCAACCCGCTGA,170,189,193,178,49.178082191780824,50.821917808219176
gi|2765591|emb|Z78466.1|PPZ78466 P.philippinense 5.8S rRNA gene and ITS1 and ITS2 DNA,CGTAACAAGGTTTCCGTAGGTGAACCTGCGGAAGGATCATTGTTGAGATCACATAATAATTGATCGAGTTAATCTGGAGGATCAGTTTACTTTGGTCACCCATGGGCATCTGCTCTTGTAGTGACCTGGATTTGCCATCGAGCCTTCATGGGAGCTTTCTTGCTGGCGATCTAAACCCTTGCCCGGCGCAGTTTTGCGCCAAGTCATATGACACATAATTGGAAGGGGGCGGCATGCTGCCTTGACCCTCCCCAAATTATTTTTGTAACAACTCTCAGCAACGGATATCTCGGCTCTTTGCCGAGGCCATCAGGCCAAGGGCACGCCTGCCTGGGCATTGCGAGTCATATCTCTCCCTTAATGAGGCTGTCCATACATACAGTTCAGCCTGTGCGGATGTGAGTTTGGCCCCTTGTTCTTGCGTACGGGGGGTCTAAGAGCTGCATGGGCTTTTGATGGTCCTAAATACGGCAAGAGGTGGACGAACTATGCTACAACAAAATTGTTGTGCGAATGCCCCGGGTTGTCGTATTAGATGGGCCAGCATAATCTAAAGACCCTTTTGAACCCCATTGGAGGCCCATCAACCCATGATCAGTTGACGGCCATTTGGTTGCGACCCAGGTCAGGTGAGGCAACCC,144,171,168,158,49.141965678627145,50.858034321372855
gi|2765590|emb|Z78465.1|PRZ78465 P.rothschildianum 5.8S rRNA gene and ITS1 and ITS2 DNA,CGTAACAAGGTTTCCGTAGGTGAACCTGCGGAAGGATCATTGTTGAGATCACATAATAATTGATCGAGTTAATCTGGAGGATCAGTTTACTTTGGTCACCCATGGGCATCTGCTCTTGCAGTGACCTGGATTTGCCATCGAGCCTCCTTGGGAGCTTTCTTGCTGGCGATCTAAACCCTTGCCCGGCGCAGTTTTGCGCCAAGTCATATGACACATAATTGGAAGGGGGCGGCATGCTGCCTTGACCCTCCCCAAATTATTTTTTTGACAACTCTCAGCAACGGATTTCTCGGTTCTTGAATCGATGAGGAACGCAGCGAAATGCGATAATTGGTGTGAATTGAAGAATCCCGTAAACCATCGAGTCTTTGAACGAAAGTTGCGCCCGAGGCCATCAGGCCAAGGGAACGCCTGCCTGGGCATTGCGAGTCATATCTCTCCCTTAATGAGGCTGTCCATACATACTGTTCAGCGAGTGCGGATGTGAGTTTGGCCCCTTGTTCTTTGGTACGGGGGGTCTAAGAGCTGCATGGGCTTTTGATGGTCCTAAATACGGCAAGAGGTGGACGAACTATGCTACAACAAAATTGTTGTGCGAATGCCCCGGGTTGTCGTATTAGATGGGCCAGCATAATCTAAAGACCCTTTTGAACCCCATTGGAGGCCCATCAACCCATGATCAGTTGACGGCCATTTGGTTGC,165,190,184,163,50.56980056980057,49.43019943019943
gi|2765589|emb|Z78464.1|PGZ78464 P.glanduliferum 5.8S rRNA gene and ITS1 and ITS2 DNA,CGTAACAAGGTTTCCGTAGGTGAGCGGAAGGGTCATTGTTGAGATCACATAATAATTGATCGGTTGAGTCTGGAGGATCAGTTTACTTTGGTCACCCATGGGCATCTGCTCTTGTAGTGACCTGGATTGCCATCGAGCCTCCTTGGGAGCTTTCTTGCTGGAGATCTAAACCCTTGCCCGGAGCAGTTTTGCGCCAAGTCATATGACACATAATTGGAAGGGGGCGGCATGCTGCCTTGACCCTCCCCAAATTATTTTCTTAACAACTCTCAGCAACGGATATCTCGGCTCTTGCATCGATGAAGAACGCAGCGAAATCCGATAAATGGTGTGAATTTCAGAATCCCGTGAACCATCGAGTCTTTGAACGCCAAGTTCGCCCGAGGCCATCAGGCCAAGGGCACGCCTGCCTGGGCATTTCGAATCAAATCTCTCCCTTAATGAGGCTGTCCAAACATACTGTTCAACCGGTTCGGATGTGAGTTTGGCCCCTTTTTCTTTGGGGCGGGGGGTCTAAGAACTTCATGGGCTTTTGGTGGTCCTAAAAACGGCAAGAGGTGGGCGGACTATTCTTCAACCAAATTTCTGTTCGGATTCCCCGGGCTTTCGTAATAGATGGGCCAGCATAATCTAAAGACCCTTTTGAACCCCATTGGAGGCCCATCAACCCATGATCAGTTGACGGCCATTTGGTGCGACCCCAGGTCAGGTGAGCAACCCGCTGAGTTTAAGC,170,194,188,181,49.65893587994543,50.34106412005457
gi|2765588|emb|Z78463.1|PGZ78463 P.glanduliferum 5.8S rRNA gene and ITS1 and ITS2 DNA,CGTAACAAGGTTTCCGTAGGTGAACCTGCGGAAGGTTCATTGTTGAGATCACATAATCATTGTTCGGTTGAGTCTGGAGGATCAGTTTACTTTGGTCACCATGGGCATCTGCTCTTGTAGTGACCTGGATTGCCATCGAGCCTCCTTGGGAGCTTTCTTGCTGGGGATCTAAACCCTCGCCCGGGGGAGTTTTGCGCCAAGTCATATGACACATAATTGGGAGGGGGCGGCATGTTGCCTTGACCCTCCCCAAATTATTTTCTTAACAACTCTCAGCAACGGATATCTCGGCTCTTGCATCGATGGAAGAACGCAGCGAAATGCGATAAATGGTGTGAATTGCAGAATCCCGTGAACCATCGAGTCTTTGAACGCAAGTTGCGCCCGAGGCCATCAGGCCAAGGGCACGCCTGCCTGGGCATTGCGAGTCATATCTCTCCCTTAATGAGGCTGTCCATACATACTGTTCAACCGGTGCGGATGTGAGTTTGGCCCCTTTTTCTTTGGGGCGGGGGGTCTAAGAGCTGCATGGGCTTTTGATGGTCCTAAATACGGCAAGAGGTGGACGAACTATGCTGCAACAAAATTGCTGTGCGAATACCCCGGGTTGTCGTATTAGATGGGCCAGCATAATCTAAAGACCCTTTTGAACCCCATTGGAGGCCCATCAACCCATGATCAGTTGACGGCCATTTGGTTGCGACCCCAGATCAGGTGAGCAACCCGCTGAGTTTAAGC,167,193,200,178,48.78048780487805,51.21951219512195
gi|2765587|emb|Z78462.1|PSZ78462 P.sukhakulii 5.8S rRNA gene and ITS1 and ITS2 DNA,CGTCACGAGGTCTCCGGATGTGACCCTGCGGAAGGATCATTGTTGAGATCACATAATAATTGATCGAGTTAATCTGCAGGATCTGTTTACTTTGGTCACCCATGGGCATTTGCTGTTGAAGTGACCTAGATTTGCCATCGAGCCTCCTTGGGAGATTTCTTGTTGGCGAGATCTAAACCCTTGCCCGGCGCAGTTTTGCGCCAAGTCATANNNNNNNNNNNNNNNNNNNNNNNNNNNNNNNNNNNNNNNNNNNNNNNNNNNNNNNNNNNNNNNNNNNNNNNNNNNNNNNNNNNNNNNNNNNNNNNNNNNNNNNNNNNNNNNNNNNNNNNNNNNNNNNNNNNNNNNNNNNNNNNNNNNNNNNNNNNNNNNNNNNNNNNNNNNNNNNNNNNNNNNNNNNNNNNNNNNNNNNNNNNNNNNNNNNNNNNNNNNNNNNNNNNNNNNNNNNNNNNNNNNNNNNNNNNNNNNNNNNNNNNNNCGCCTGCCTGGGCATTGCGAGTCATATCTCTCCCTTAACGAGGCTGTCCATACATACTGTTCAGCCGGTGCGGATGTGAGTTTGGCCCCTTGTTCTTTGGTACGGGGGGTCTAAGAGCTGCATGGGCTTTTGATGGTCCTAAATACGGCAAGAGGTGGACGAACTATGCTACAACAAAATTGTTGTGCAAAGGCCCCGGGTTGTCGTATTAGATGGGCCACCGTAATCTGAAGACCCTTTTGAACCCCATTGGAGGCCCAT,100,133,127,111,67.66304347826087,32.33695652173913
gi|2765586|emb|Z78461.1|PWZ78461 P.wardii 5.8S rRNA gene and ITS1 and ITS2 DNA,CGTAACAAGGTTTCCGTAGGTGAACCTCCGGAAGGATCATTGTTGAGATCACATAATAATTGATCGAGGTAATCTGGAGGATCTGTTTACTTTGGTCACCCATGGGCAGTTGCTGCTGGAGTGACCTAGAATTTCCATCGAGCCTCCTTGGGAGCTTTCTTGTTGGCGAGATCTAAACCCTTACCCGGCGCAATTTTTCCCCCAGTCAAATGACACATAATTGGTGGAGGGGGTGGCATTCTTCCCTGACCCTCCCCCAAATAATTTTTTCACAACTCTCAGCAACGGATATCTCGGCTCTTGCATCGATGAAGAACGCACCGAAATCCGATAAATGGTGTGAATTCCAGAATCCCGTGAACCATCGAGTCTTTGAACCCAAGTTGCGCCCGAGGCCATCAGGCCAAGGGAACGCCTGCCTGGGCATTGCGAGTCATATCTCTCCCTTAACGAGCCTGTCCATACATCCTGTTCAGCCGGTGCGGATGTGAGTTTGCCCCCTTGTTCTTTGGTACGGGGGGTCTAAGACCTGCATGGGCTTTTGATGGTCCTAAATACGGCAAGAGGTGGACGAACTATGCTACACCAAAATTGTTGTCCAAAGCCCCCGGGTTGTCGTATAAGATGGGCCACCGTAATCTGAAGACCCTTTGAACCCCATTGGAGCCCATCAACCCATGATCAGTTGATGCCATTGTTGCGACCCAGTCAGTGAGCAAGCCGCTGAGTTAA,174,189,179,190,49.590163934426236,50.409836065573764
gi|2765585|emb|Z78460.1|PCZ78460 P.ciliolare 5.8S rRNA gene and ITS1 and ITS2 DNA,CGTAACAAGGTTTCCGTAGGTGAACCTCCGGAAGGATCATTGTTGAGATCACATAATAATTGATCGAGTTAATCTGGAGGATCTGTTTACTTTGGTCACCCATGAGCATTTGCTGTTGAAGTGACCTAGATTTGCCATCGAGCCTCCTTGGGAGCTTTCTTGTTGGCGAGATCTAAACCCTTGCCCGGCGCAGTTTTGCGCCAAGTCATATGACACATAATTGGTGAAGGGGGTGGCATCCTGCCCTGACCCTCCCCAAATTATTTTTTTAACAACTCTCAGCAACGGGATATCTCGGCTCTTGCATCGGATGGAGGAACGCAGCGAAATGCGATAAATGGTGTGAATTGCAGAATCCCGTGAACCATCGAGTCTTTGAACGCAAGTTGCGCCCGAGGCCATCAGGCCAAGGGCACGCCTGCCTGGGCATTGCGAGTCATATCTCTCCCTTAACGAGGCTGTCCATACATACTGTTCAGCCGGTGCGGATGTGAGTTTGGCCCCTTGTTCTTTGGTACGGGGGGTCTAAGAGCTGCATGGGCTTTTGATGGTCCCAAATACGGCAAGAGGTGGACGAACTATGCTACAACAAAATTGTTGTGCAAAGGCCCCGGGTTGTCGTATTAGATGGGCCACCGTAATCTGAAGACCCTTTTGAACCCCATTGGAGGCCCATCAACCCATGATCAGTTGATGGCCATTTGGGTTGCGACCCCAGGTCAGGTGAGGCAACCCGCTGAGTTTA,172,195,199,179,49.261744966442954,50.738255033557046
gi|2765584|emb|Z78459.1|PDZ78459 P.dayanum 5.8S rRNA gene and ITS1 and ITS2 DNA,CGTAACAAGGTTTCCGTAGGTGAACCTGCGGAAGGATCATTGTTGAGATCACATAATAATTGATCGAGTTAATCTGGAGGATCTGTTTACTTTGGTCACCCATGAGCATTTGCTGTTGAAGTGACCTAGATTTGCCATCGAGCCTCCTTGGGAGCTTTCTTGTTGGCGAGATCTAAACCCTTGCCCGGCGCAGTTTTGCGCCAAGTCATATGACACATAATTGGTGAAGGGGGTGGCATCCTGCCCTGACCCTCCCCAAATTATTTTTTTAACAACTCTCAGCAACGGATATCTCGGCTCTTGCATCGGATGGAGGAACGCAGCGAAATTGCGATAAATTGGTGTGAATTGCAGAATCCCGTGAACCATCGAGTCTTTGAACGCAAGTTGCGCCCGAGGCCATCAGGCCAAGGGCACGCCTGCCTGGGCATTGCGAGTCATATCTCTCCCTTAACGAGGCTGTCCATACATACTGTTCAGCCGGTGCGGATGTGAGTTTGGCCCCTTGTTCTTTGGTACGGGGGGTCTAAGAGCTGCATGGGCTTTTGATGGTCCTAAATACGGCAAGAGGTGGACGAACTATGCTACAACAAAATTGTTGTGCAAAGGCCCCGGGTTGTCGTATTAGATGGGCCACCGTAATCTGAAGACCCTTTTGAACCCCATTGGAGGCCCATCAACCCATGATCAGTTGATGGCCATTTGGTTGCGACCCCAGGTCAGGTGAGGCAACCCGCTGAGTTT,171,198,198,177,49.596774193548384,50.403225806451616
gi|2765583|emb|Z78458.1|PHZ78458 P.hennisianum 5.8S rRNA gene and ITS1 and ITS2 DNA,CGTAACAAGGTTTCCGTAGGTGAACCTGCGGAAGGATCATTGTTGAGATCACATAATAATTGATCGAGTTAATCTGGAGGATCTGTTTACTTTGGTCACCCATGAGCATTTGCTGTTGAAGTGACCTAGATTTGCCATCGAGCCTCCTTGGGAGCTTTCTTGTTGGCGAGATCTAAACCCTTGCCCGGCGCAGTTTTGCGCCAAGTCGTACGACACATAATTGGTGAAGGGGGTGGCATCCTTCCCTGACCCTCCCCAAATTATTTTTTAACAACTCTCAGCAACGGATATCTCGGCTCTTGCATCGATGGAGGACGCAGCGAAATGCGATAAATGGTGTGAATTGCAGATCCCGTGAACCATCGAGTCTTTGAACGCAAGTTGCGCCCGAGGCCATCAGGCCAAGGGCACGCCTGCCTGGGCATTGCGAGTCATATCTCTCCCTTAACGAGGCTGTCCATACATACTGTTCAGCCGGTGCGGATGTGAGTTTGGCCCCTTGTTCTTTGGTACGGGGGGTCTAAGAGCTGCATGGGCTTTTGATGGTCCTAAATACGGCAAGAGGTGGACGAACTATGCTACAACAAAATTGTTGTGCAGAGGCCCCGGGTTGTCGTATTAGATGGGCCACCGTAATCTGAAGACCCTTTTGAACCCCATTGGAGGCCCATCAACCCATGATCAGTTGATGGCCATTTGGTTGCGACCCCAGGTCAGGTGAGGCAACCCGCTGAGTTG,167,194,199,178,48.9159891598916,51.0840108401084
gi|2765582|emb|Z78457.1|PCZ78457 P.callosum 5.8S rRNA gene and ITS1 and ITS2 DNA,CGTAACAAGGTTTCCGTAGGTGAACCTCCGGAAGGATCATTGTTGAGATCACATAATAATTGATCGAGTTAATCTGGAGGATCTGTTTACTTTGGTCACCCATGGGCATTTTCTGTTGTAGTGACCTAGAATTTCCATCGAGCCTCCTTGGGAGCTTTCTTGTTGGCGAGATCTAAACCCTTGCCCGGCGCAGTTTTTCCCCCAGTCAAATGGCACATAATTGGTGGAGGGGGTGGCATTCTTCCCTGACCCTCCCCCAAATATTTTTTTAACAACTCTCAACAACGGATATCTCGGCTCTTTCATCGGATGAAGGACCGCAGCGAAATGCGATAAATGGTGTGAATTGCAGAATCCCGTGAACCATCGAGTCTTTGAACGCAAGTTGCGCCCGAGGCCATCAGGCCAAGGGCACGCCTGCCTGGGCATTGCGAGTCATATCTCTCCCTTAACGAGGCTGTCCATACATACTGTTCAGCCGGTGCGGATGTGAGTTTGGCCCCTTGTTCTTTGGTACGGGGGGTCTAAGAGCTGCATGGGCTTTTGATGGTCCTAAATACGGCAAGAGGTGGACGAACTATGCTACAACAAAATCGTTGTGCAAAGGCCCCGGGTTGTCGTATTAGATGGGCCACCGTAATCTAAAGACCCTTTTGAACCCCATTGGAGGCCCATCAACCCATGATCAGTTGATGGCCATTTGGTTGCGACCCCAGGTCAGGTGAGGCAACCCGCTGAG,170,196,191,182,49.52638700947226,50.47361299052774
gi|2765581|emb|Z78456.1|PTZ78456 P.tonsum 5.8S rRNA gene and ITS1 and ITS2 DNA,CGTAACAAGGTTTCCGTAGGTGAACCTGCGGAAGGATCATTGTTGAGATCACATAATAATTGATCGAGTTAATCTGGAGGATCTGTTTACTTTGGTCACCCATGAGCATTTGCTGTTGAAGTGACCTAGAATTTGCCATCGAGCCTCCTTGGGAGCTTTCTTGTTGGCGAGATCTAAACCCTTGCCCGGCGCAGTTTTGCGCCAAGTCATATGACACATAATTGGTGGAGGGGGTGGCATCCTGCCCTGACCCTCCCCAAATTATTTTTTTAACAACTCTCAGCAACGGATATCTCCGGTCTGGCATCGATGAAGAACGCAGCGAAATGCGATAAATGGTGTGATTGCAGAATCCCGTGAACATCGAGTCTTTGAACGCAAGTTGCGCCCGAGGCCATCAGGCCAAGGGCACGCCTGCCTGGGCATTGCGAGTCATATCTCTCCCTTAACGAGGCTGTCCATACATACTGTTCAGCCGGTGCGGATGTGAGTTTGGCCCCTTGTTCTTTGGTACGGGGGGTCTAAGAGCTGCATGGGCTTTTGATGGTCCTAAATACGGCAAGAGGTGGACGAACTATGCTACAACAAAATTGTTGTGCAAAGGCCCCGGGTTGTCGTATTAGATGGGCCACCGTAATCTGAAGACCCTTTTGGACCCCATTGGAGGCCCATCAACCCATGATCAGTTGATGGCCATTTGGGTTGCGACCCAGGTCAGGTGAGGCAACCCTGAGTTTAGC,171,195,199,175,49.45945945945947,50.54054054054053
gi|2765580|emb|Z78455.1|PJZ78455 P.javanicum 5.8S rRNA gene and ITS1 and ITS2 DNA,CGTAACCAGGTTTCCGTAGGTGGACCTTCGGGAGGATCATTTTTGAGATCACATAAAAATTGATCGAGTTAATCTGGAGGAACTTTTTACTTTGGTCACCCATGAACAATTTCTTTTGGAGTGACCTAGAATTTCCATCGAACCCCCTTGGGAACTTTCTTTTTGGCGAGAACTAAACCCTTTCCCGGCGCAGTTTTTCCCCCAATCAAATTACACAAAAATGGTGGAGGGGGTGGCATCCTTCCCTTACCCTCCCCCAAATAATTTTTTAACAACTCTCAGCAACGGATATCTCGGCTCTTGCATCGGTTGAAGAACCAGCGAAATGCGATAAATGGTGTGAATTGCAGAATCCCGTGAACCATCGAGTCTTTGAACGCAAGTTGCGCCCGAGGCCATCAGGCCAAGGGCACGCCTGCCTGGGCATTGCGAGTCATATCTCTCCCTTAACGAGGCTGTCCATACATACTGTTCAGCCGGTGCGGATGTGAGTTTGGCCCCTTGTTCTTTGGCACGGGGGGTCTAAGAGCTTCATGGGCTTTTGATGGTCCTAAATACGGCAAGAGGTGGACGAACTATGCTACAACAAAATTGTTGTGCAAAGGCCCCGGGTTGTCGTATTAGATGGGCCACCGTAATCTGAAGACCCTTTTGAACCCCATTGGAGGCCCATCAACCCATGATCAGTTGATGGCCATTTGGGTTGCGACCCCAGGTCAGGTGAGGCAACCCGCTGAGTTTAGCA,180,198,183,184,50.738255033557046,49.261744966442954
gi|2765579|emb|Z78454.1|PFZ78454 P.fowliei 5.8S rRNA gene and ITS1 and ITS2 DNA,CGTAACAAGGTTTCCGTAGGTGAACCTGCGGAAGGATCATTGTTGAGATCACATAATAATTGATCGAGATAATCTGGAGGATCTGTTTACTTTGGTCACCCATGAGCATTTGCTGTTGAAGTGACCTAGATTTACCATCGAGCCTCCTTGGGAGCTTTCTTGTTGGCGAGATCTAAACCCTTGCCCGGCGCAGTTTTTCTCCAAGTCATTTGACACATAATCGGTGAAGGGGGTGGCATCCTGCCCTGACCCTCCCCCCACTATTGTTAACAACTCTCATCAACGGAACTCATGCGATAAATGGTGTGATTTGCAGAATCCCGTGAACCATCGAGTCTGTGAACGCAAGTTGCGGCCGAGGCCATCAGACCAAGGGCACGCCTGCCTGGGCATTGCGAGTCATATCTCTCCCTTAACGAGGCTGTCCATACATACTGTTCAGCCGGTGCGGATGTGAGTTTGGCCCCTTGTTCTCTGGTACGGGGGGTCTAAGAGCTGCATGGGCTTTTGATGGTCCTAAATACGGCAAGAGGTGGACGAACTATGCTACAACAAAATTGTTGTGCAAAGGCCCCGGGTTGTCGTATTAGATGGGCCACCGTAATCTGAAGCCCCTTTTGAACCCATTGGAGGCCCATCAACCNCATGATCAGTTGATGGCCATTTGGATGCGACCCCAGGTCAGGTGAGGCAAC,161,181,181,171,49.35251798561151,50.64748201438849
gi|2765578|emb|Z78453.1|PSZ78453 P.schoseri 5.8S rRNA gene and ITS1 and ITS2 DNA,CGTAACAAGGTTTCCGTAGGTGAACCTGCGGAAGGATCATTGTTGAGATCACATAATAATTGATCGAGTTAATCTGGAGGATCTGTTTACTTTGGTCACCCATGAGCATTTGCTGTTGAAGTGACCTAGAGTTGCCATCGAGCCTCCTTGGGAGCTTTCTTGTTGGCGAGATCTAAACCCTTGCCCGGCGCAGTTTTGCGCCAACTCATTTGACACATAACTGGTGAAGGGGGTGGCATCCTTCCCTGACCCTCCCCCAAATTATTTTTTAACAACTCTCAGCAACCGGATATCTCAGCTCTTGCATCGATGAAGAACGCAGCGAAATGCGATAAATGGTGTGAATTGCAGAATCCCGTGAACCATCGAGTCTTTGAACGCAAGTTGCGCCCGAGGCCATCAGGCCAAGGGCACGCCTGCCTGGGCATTGCGAGTCATATCTCTCCCTTAACGAGGCTGTCCATACATACTGTTCAGCCGGTGCGGATGTGAGTTTGGCCCCTTGTTCTTTGGTACGGGGGGTCTAAGAGCTGCATGGGCTTTTGATGGTCCTAAATACGGCAAGAGGTGGACGAACTATGCTACAACAAAATTGTTGTGCAAAGGCCCCGGGTTGTCGTATTAGATGGGCCACCGTAATCTGAAGACCCTTTTGAACCCCATTGGAGGCCCATCAACCCATGATCAGTTGATGGCCATTTGGTTGCGACCCCAGGTCAGGTGAGGCAACCCGCTGAGTTTAGCA,174,195,194,182,49.53020134228188,50.46979865771812
gi|2765577|emb|Z78452.1|PBZ78452 P.bougainvilleanum 5.8S rRNA gene and ITS1 and ITS2 DNA,CGTAACAAGGTTTCCGTAGGTGAACCTGCGGAAGGATCATTGTTGAGATCACATAATAATTGATCGAGTTAATCTGGAGGATCTATTTACTTTGGTCACCCATGAGCATTTGCTGTTGAAGTGACCTAGATTTGCCATCAAGCCTCCTTGGGAGCTTTCTTTTTGGCGAGATCTAAACCCTTGCCCGGCGCAGTTTTGCGCCAAGTCATATGACACATAATTGGTGAAGGGGGTGGCATCCTGCCCTGACCCTCCCCAAATTATTTTTTTAACAACTCTCAGCAACGGATATCTCGGCTCTTGAATCGATGAAGAACGCAGCGAAATGCGATAAATGGTGTGAATTGCAGAATCCCGTGAACCATCGAGTCTTTGAACGCAAGTTGCGCCCGAGGCCATCAGGCCAAGGGCACGCCTGCCTGGGCATTGCGAGTCATATCTCTCCCTTAACGAGGCTGTCCATACATACTGTTCAGCCGGTGCGGATGTGAGTTTGGCCCCTTGTTCTTTGGTACGGGGGGTCTAAGAGCTGCATGGGCTTTTGATGGTCCTAAATACGGCAAGAGGTGGATGAACTATGCTACAACAAAATTGTTGTGCAAAGGCCCCGGGTTGTCGTATTAGATGGGCCACTGTAATCTGAAGACCCTTTTGAACCCCATTGGAGGCCCATCAACCCATGATCAGTTGATGGCCATTTGGATGCGACCCCAGGTCAGGTGAGGCAACCGCTGAGTTTAGCA,178,198,193,174,50.60565275908479,49.39434724091521
gi|2765576|emb|Z78451.1|PHZ78451 P.hookerae 5.8S rRNA gene and ITS1 and ITS2 DNA,CGTAACAAGGTTTCCGTAGGTGTACCTCCGGAAGGATCATTGTTGAGATCACATAATAATTGATCGAGATAATCTGGAGGATCTGTTTACTTTGGTCACCCATGGGCATTTGCTGTTGTAGTGACCTAGATTTCCATGGAGCCCCCCTGGGAGCTTTCTTGCTGGCGAGATCTAAACCCGTGCCCGGCGCAGTTTTGCGCCAAGTCATATGACACATAATTGGTGTAGGGGGCGGGCATCCTGCCCTGACCCTCCCCAAAGTATTTTTTGCAACTCTCAACAACGGAAATCTCGCTCTTTCATCGATGAAGAACCAGCGAAATCGATAAATGGTGTGAATTGCAGAATCCCGTGAACCATCGAGTCTTTGAACCCAAGTTGCGCCCGAGGCCATCAGGCCAAGGGCACCCCTCCCTGGGCATCGCGAGTCAAATCTCTCCCTTAACGAGGCTGTCCATACATACTGTTCACCCGGTGCGGATGTGAGTTTGCCCCCTTGTTCTTTGGTACGGGGGGTCTAAGACCTGCATGGGATTTTGATGGTCCTAAAAACGGCAAGAGGTGGACGAACTATCCCTACAATAAAATTGTTGTGCGAAGCCCCCGGGTTGTCGTATTAGATGGGCCACCGTAATCTGAAGACCCTATAGAACCCCATTGGAGGCCCATCAACCCATGATCAGTTGATGGCCATTTGATGCGACACCAGTCAGTGAGCAACCAGCTGAGC,176,183,183,188,49.178082191780824,50.821917808219176
gi|2765575|emb|Z78450.1|PPZ78450 P.papuanum 5.8S rRNA gene and ITS1 and ITS2 DNA,GGAAGGATCATTGCTGATATCACATAATAATTGATCGAGTTAAGCTGGAGGATCTGTTTACTTTGGTCATCCATGAGCATTTACTGTTGAAGTGACCTAGATTTGCCATCGAGCCTCCTTGGGAGCTTTCTTGTTGCCGAGATCTAAACCCTTGCCCGGCGCAGTTTTGCGCCAAGTCATATGACACATAATTGGTGAAGGGGGTGGCATCCTGCCCTGACCCTCCCCAAATTATTTTTTTAACAACTCTCAGCAACGGATATCTCGGCTCTTGCATCGATGAAGAACGCAGCGAAATGCGATAAATGGTGTGAATTGCAGAATCCCGTGAACCATCGAGTCTTTGAACGCAAGTTGCGCCCGAGGCCATCAGGCCAAGGGCACGCCTGCCTGGGCATTCCGAGTCATATCTCTCCCCTAACGAGGCTGTCCATACATACTGTTCATCCGGTGCGGATGTGAGTGTGGCCCCTTGTTCTTTGGTCCGGGGGGTCTAAGAACTGCATGGGCATATGATGGTCCTCAAAACTGGCAAGAGGTGGACGAACTATGCTACAACCAAATTGTTGTGCCAAGGCCCCGGGTTGTCGTATTAGATGGGCCACCGTAACCTGTAGACCCTGTTGAACCCCATTGGAGGACCATCAACCCATGATCAGTTGATGACCATGTGTTGCGACCCCAGATCAGCTGAGCAACCCCTGAG,168,181,179,178,49.43342776203966,50.56657223796034
gi|2765574|emb|Z78449.1|PMZ78449 P.mastersianum 5.8S rRNA gene and ITS1 and ITS2 DNA,CGTAACAAGGTTTCCGTAGGTGAACCTGCGGAAGGATCATTGTTGAGATCACATAATAATTGATCGAGTTAATCTGGAGGATCTGTTTACTTTGGTCACCCATGAGCATTTGCTGTTGAAGTGACCTAGATTTGCCATCGAGCCTCCTTGGGAGCTTTCTTGTTGGCGAGATCTAAACCCTTGCCCGGCGCAGTTTTGCGCCAACTCATTTGACACATAATTGGTGAAGGGTGGCATCCTGCCCTGACCCTCCCCCAAATTATTTTTTTAACAACTCTCAGCAACGGATATCTCAGCTCTTGCATCGATGAAGAACGCAGCGAAAATGCGATAAATGGTGTGAATTGCAGAATCCCGTGAACCATCGAGTCTTTGAACGCAAGTTGCGCCCGAGGCCATCAGGCCAAGGGCACGCCTGCCTGGGCATTGCGAGTCATATCTCTCCCTTAACGAGGCTGTCCATACATACTGTTCAGCCGGTGCGGATGTGAGTTTGGCCCCTTGTTCTTTGGTACGGGGGGTCTAAGAGCTGCATGGGCTTTTGATGGTCCTAAATACGGCAAGAGGTGGACGAACTATGCTACAACTAAATTGTTGTGCAAAGGCCCCGGGTTGTCGTATTAGATGGGCCACCGTAATCTGAAGACCCTTTTGAACCCCATTGGAGGCCCATCAACCCATGATCAGTTGATGGCCATTTGGTTGCGACCCCAGGTCAGGTGAGGCAACCCGCTGAGTTTATGC,173,199,192,180,50.0,50.0
gi|2765573|emb|Z78448.1|PAZ78448 P.argus 5.8S rRNA gene and ITS1 and ITS2 DNA,CGTAACAAGGTTTCCGTAGGTGAACCTGCGGAAGGATCATTGTTGAGATCACATAATAATTGATCGAGTTAATCTGGAGGATCTGTTTACTTTGGTCACCCATGAGCATTTGCTGTTGAAGTGACCTAGAATTGCCATCGAGCCTCCTTGGGAGCTTTCTTGTTGGCGAGATCTAAACCCTTTCCCGGCGCAGTTTTGCGCCAAGTCGTATGACACATAATTGGTGAAGGGGGGTGGCATCCTTCCCTTGACCCTCCCCAAATTATTTTTTTAACAACTCTCAGCAACGGATATCTCAGCTCTTGCATCGGATGGAAGAACGCACCGAAATGCGATAAATGGTGTGAATTGCAGAATCCCGTGAACCATCGAGTCTTTGAACGCAAGTTGCGCCCGAGGCCATCAGGCCAAGGGCACGCCTGCCTGGGCATTGCGAGTCATATCTCTCCCTTAACGAGGCTGTCCATACATACTGTTCAGCCGGTGCGGATGTGAGTTTGGCCCCTTGTTCTTTGGTACGGGGGGTCTAAGAGCTGCATGGGCTTTTGATGGTCCTAAATACGGCAAGAGGTGGACGAACTATGCTACAANAAAATTGTTGTGCAAAGGCCCCGGGTTGTCGTATTAGATGGGCCACCGTAATCTGAAGACCCTTTTGAACCCCATTGGAGGCCCATCAGCCCATGATCAGTTGATGGCCATTTGGNTGCGACCCCAGGTCAGGTGAGGCAACCCGCTGAGG,172,194,197,177,49.59568733153639,50.40431266846361
gi|2765572|emb|Z78447.1|PVZ78447 P.venustum 5.8S rRNA gene and ITS1 and ITS2 DNA,CGTAACAAGGATTCCGTAGGTGAACCTGCGGGAGGATCATTGTTGAGATCACATAATAATTGATCGAGTAATCTGGAGGATCTGTTTACTTTGGTCACCCATGGGCATTTCCTGTTGAAGTGACCTAGAGTTGCCATCGAGCCTCCCTGGGAGCTTTCTTGTTGGCGAGAACTAAACCCTTACCCGGCGCAATTTTGCCCCCAGTCAAATGACACATAAGTGGTGAAGGGGGTGGCATCCTATCTCGGCTCTTGCATCGATGAAGAACCCAGCGAAATGCGATAAATGGTGTGAATTGCAGAATCCCGTGAACCATCGAGTCTTTGAACGCAAGTTGCGCCCGAGGCCATCAGGCCAAGGGCACGCCTGCCTGGGCATTGCGAGTCATATCTCTCCCTTAACGAGGCTGTCCATACATACTGTTCAGCCGGTGCGGATGTGAGTTTGGCCCCTTGTTCTTTGGTACGGGGGGTCTAAGAGCTGCATGGGCTTTTGATGGTCCTAAATACGGCAAGAGGTGGACGAACTATGCTACACCAAAATTGTTGTGCAAAGGCCCCGGGTTGTCGTATTAGATGGGCCACCGTAATCTGAAGACCCTTTTGAACCCCATTGGAGGCCCATCAACCCATGATCAGTTGATGGCCATTTGGTTGCGACCCCAGTCAGGTGAGGCAACCCGCTGAGTTTAAGC,162,175,189,168,48.55907780979827,51.44092219020173
gi|2765571|emb|Z78446.1|PAZ78446 P.acmodontum 5.8S rRNA gene and ITS1 and ITS2 DNA,CGTAACAAGGTTTCCGTAGGTGAACCTCCGGAAGGATCATTGTTGAGATCACATAATAATTGATCGAGTTAATCTGGAGGATCTGTTTACTTTGGTCACCCATGAGCATTTCCTGTTGAAGTGACCTAGATTTGCCATCGAGCCTCCTTGGGAGCTTTCTTGTTGGCGAGATCTAAACCCTTGCCCGGCGCAGTTTTGCGCCAAGTCATATGACACATAATTGGTGAAGGGGGTGGCATCCTCCCCAAATAATTTTTTAACAACTCTCAGCAACGGATACTCGGCTCTTCATCGATGGAGGACCAGCGAAATTGCGATAATGGTGTGATTGCAGAATCCCGTGAACATCGAGTCTTTGAACGCAAGTTGCGCCCGAGGCCATCAGGCCAAGGGCACGCCTGCCTGGGATTGCGAGTCATATCTCTCCCTTAACGAGGCTGTCCATACATACTGTTCAGCCGGTGCAGATGTGAGTTTGGCCCCTTGTTCTTCGGTACGGGGGGTCTAAGAGCTGCATGGGCTTTTGATGGCCCTAAATACGGCAAGAGGTGGACGAACTATGCTACAACAAAATTGTTGTGCAAAGGCTCCGGGTTGTCGTATTAGATGGGCCACCGTAATCTGAAGACCCTTTTGAACCCCATTGGAGGCCCATCAACCCATGATCAGTTGATGGCCATTTGGTTGCGACCCAGGTCAGGTGAGGCAACCC,168,187,187,170,49.85955056179775,50.14044943820225
gi|2765570|emb|Z78445.1|PUZ78445 P.urbanianum 5.8S rRNA gene and ITS1 and ITS2 DNA,CGTAACAAGGTTTCCGTAGGTGAACCTGCGGAAGGATCATTGTTGAGATCACATAATAATTGATCGGGTTAATCTGGAGGATCTGTTTACTTTGGTCACCCATGAGCATTTGCTGTTGAAGTGACCTAGAATTGCCATCGAGCCTCCTTGGGAGCTTTCTTGTTGGCGAGATCTAAACCCTTGCCCGGCGCAGTTTTGCTCCAAGTCGTTTGACACATAATTGGTGAAGGGGGTGGCATCCTTCCCTGACCCTCCCCCAACTATTTTTTTAACAACTCTCAGCAACGGAGACTCAGTCTTCGGCAAATGCGATAAATGGTGTGAATTGCAGAATCCCGTGCACCATCGAGTCTTTGAACGCAAGTTGCGCCCGAGGCCATCAGGCCAAGGGCACGCCTGCCTGGGCATTGCGAGTCATATCTCTCCCTTAACGAGGCTGTCCATACATACTGTTCAGCCGGTGCGGATGTGAGTTTGGCCCCTTGTTCTTTGGTACGGGGGGTCTAAGAGCTGCATGGGCTTTTGATGGTCCTAAATACGGCAAGAGGTGGACGAACTATGCTACAACAAAATTGTTGTGCAGAGGCCCCGGGTTGTCGTATTAGATGGGCCACCGTAATCTGAAGACCCTTTTGAACCCCATTGGAGGCCCATCAACCCATGATCAGTTGATGGCCATTTGGTTGCGACCCCAGGTCAGGTGAGCAACAGCTGT,161,191,189,174,49.23076923076923,50.76923076923077
gi|2765569|emb|Z78444.1|PAZ78444 P.appletonianum 5.8S rRNA gene and ITS1 and ITS2 DNA,CGTAACAAGGTTTCCGTAGGGTGAACTGCGGAAGGATCATTGTTGAGATCACATAATAATTGATCGAGTTAATCTGGAGGATCTGTTTACTTGGGTCACCCATGGGCATTTGCTGTTGAAGTGACCTAGATTTGCCATCGAGCCTCCTTGGGAGCATCCTTGTTGGCGATATCTAAACCCTCAATTTTTCCCCCAATCAAATTACACAAAATTGGTGGAGGGGGTGGCATTCTTCCCTTACCCTCCCCCAAATATTTTTTTAACAACTCTCAGCAACGGATATCTCAGCTCTTGCATCGATGAAGAACCCACCGAAATGCGATAAATGGTGTGAATTGCAGAATCCCGTGAACCATCGAGTCTTTGAACGCAAGTTGCGCCCGAGGCCATCAGGCCAAGGGCACGCCTGCCTGGGCATTGCGAGTCATATCTCTCCCTTAACGAGGCTGTCCATACATACTGTTCAGCCGGTGCGGATGTGAGTTTGGCCCCTTGTTCTTTGGTACGGGGGGTCTAAGAGATGCATGGGCTTTTGATGGTCCTAAATACGGCAAGAGGTGGACGAACTATGCTACAACAAAATTGTTGTGCAAAGGCCCCGGGTTGTCGTATAAGATGGGCCACCGATATCTGAAGACCCTTTTGGACCCCATTGGAGCCCATCAACCCATGTCAGTTGATGGCCATT,168,185,170,165,51.30813953488372,48.69186046511628
gi|2765568|emb|Z78443.1|PLZ78443 P.lawrenceanum 5.8S rRNA gene and ITS1 and ITS2 DNA,CGTAACAAGGTTTCCGTAGGTGAACCTGCGGAAGGATCATTGTTGAGATCACATAATAATTGATCGAGTTAATCTGGAGGATCTGTTTACTTGGGTCACCCATGGGCATTTGCTGTTGAAGTGACCTAGATTTGCCATCGAGCCTCCTTGGGAGCTTTCTTGTTGGCGATATCTAAACCCTTGCCCGGCAGAGTTTTGGGCCACANNNNNNNNNNNNNNNNNNNNNNNNNNNNNNNNNNNNNNNNNNNNNNNNNNNNNNNNNNNNNNNNNNNNNNNNNNNNNNNNNNNNNNNNNNNNNNNNNNNNNNNNNNNNNNNNNNNNNNNNNNNNNNNNNNNNNNNNNNNNNNNNNNNNNNNNNNNNNNNNNNNNNNNNNNNNNNCAGCGAAATGCGATAATGGTGTGAATTGCAGAATCCCGTGAACCATCGAGTCTTTGAACGCAAGTTGCGCCCGAGGCCATCAGGCCAAGGGCACGCCTGCCTGGGCATTGCGAGTCATATCTCTCCCTTAACGAGGCTGTCCATACACACCTGTTCAGCCGGTGCGGATGTGAGTTTGGCCCCTTGTTCTTTGGTACGGGGGGTCTAAGAGCTGCATGGGCTTTTGATGGTCCTAAATACGGCAAGAGGTGGACGAACTATGCTACAACAAAATTGTTGTGCAAAGGCCCCGGGTTGTCGTATTAGATGGGCCACCATAATCTGAAGACCCTTTTGAACCCCATTGGAGGCCCATCAACCCATGATCAGTTGATGGCCATTTGGTTGCGACCCAGTCAGGTGAGG,139,160,168,143,60.33163265306122,39.66836734693878
gi|2765567|emb|Z78442.1|PBZ78442 P.bullenianum 5.8S rRNA gene and ITS1 and ITS2 DNA,GTAGGTGAACCTGCGGAAGGATCATTGTTGAGATCACATAATAATTGATCGAGTTAATCTGGAGGATCTGTTTACTTTGGTCACCCATGGGCATTTGCTGTTGAAGTGACCTAGATTTGCCATCGAGCCTCCTTGGGAGCTTTCTTGTTGGCGAGATCTAAACCCTTGCCCGGCGGAGTTTGGCGCCAAGTCATATGACACATAATTGGTGAAGGGGGTGGCATCCTGCCCTGACCCTCCCCAAATTATTTTTTTAACAACTCTCAGCAACGGATATCTCGGCTCTTGCATCGATGAAGAACGCAGCGAAATGCGATAAATGGTGTGAATTGCAGAATCCCGTGAACCATCGAGTCTTTGGAACGCAAGTTGCGCCCGAGGCCATCAGGCCAAGGGCACGCCTGCCTGGGCATTGGGAATCATATCTCTCCCCTAACGAGGCTATCCAAACATACTGTTCATCCGGTGCGGATGTGAGTTTGGCCCCTTGTTCTTTGGTACCGGGGGTCTAAGAGCTGCATGGGCATTTGATGGTCCTCAAAACGGCAAGAGGTGGACGAACTATGCCACAACAAAATTGTTGTCCCAAGGCCCCGGGTTGTCGTATTAGATGGGCCACCGTAACCTGAAGACCCTTTTGAACCCCATTGGAGGCCCATCAACCCATGATCAGTTGATGACCATTTGTTGCGACCCCAGTCAGCTGAGCAACCCGCTGAGT,171,184,187,179,49.237170596393895,50.762829403606105
gi|2765566|emb|Z78441.1|PSZ78441 P.superbiens 5.8S rRNA gene and ITS1 and ITS2 DNA,GGAAGGTCATTGCCGATATCACATAATAATTGATCGAGTTAATCTGGAGGATCTGTTTACTTGGTCACCCATGAGCATTTGCTGTTGAAGTGACCTAGATTTGCCATCGAGCCTCCTTGGGAGTTTTCTTGTTGGCGAGATCTAAACCCTTGCCCGGCGGAGTTGTGCGCCAAGTCATATGACACATAATTGGTGAAGGGGGTGGCATCCTGCCCTGACCCTCCCCAAATTATTTTTTTAACAACTCTCAGCAACGGATATCTCGGCTCTTGCATCGATGAAGAACGCAGCGAAATGCGATAAATGGTGTGAATTGCAGAATCCCGTGAACCATCGAGTCTTTGAACGCAAGTTGCGCCCGAGGCCATCAGGCCAAGGGCACGCCTGCCTGGGCATTGCGAGTCATATCTCTCCCTTAACGAGGCTGTCCATACATACTGTTCATCCGGTGCGGATGTGAGTTTGGCCCCTTGTTCTTTGGTACGGGGGGTCTAAGAGCTGCATGGGCATTTGATGGTCCTCAAAACGGCAAGAGGTGGACGAACTATGCTACAACCAAATTGTTGTCCCAAGGCCCCGGGTTGTCGTATTAGATGGGCCACCGTAACCTGAAGACCCTTTTGAACCCCATTGGAGGCCCATCAACCCATGATCAGTTGATGACCATGTGTTGCGACCCCAGTCAGCTGAGCAACGCGCTGAG,164,181,183,175,49.075391180654336,50.924608819345664
gi|2765565|emb|Z78440.1|PPZ78440 P.purpuratum 5.8S rRNA gene and ITS1 and ITS2 DNA,CGTAACAAGGTTTCCGTAGGTGGACCTCCGGGAGGATCATTGTTGAGATCACATAATAATTGATCGAGGTAATCTGGAGGATCTGCATATTTTGGTCACCCATGGGCAATTTCTGTTGTAGTGACCTAGAATTTCCATCGACCCTCCTTGGGAGCATTCTTGTTGGCGAGAACTAAACCCTTACCCGGCGCAGTTTTTCCCCCAATCAAATTACACAAAAATGGTGGAGGGGGTGGCATATCTTCCCTTACCCTCCCCCAAATAATTTTTTAACAACTCTCAGCAACGGATATCTCAGCTCTTGCATCGTTGAAGAACCCACCGAAATGCGATAAATGGTGTGAATTGCAGAATCCCGTGAACCATCGAGTCTTTGAACGCAAGTTGCGCCCGAGGCCATCAGGCCAAGGGCACGCCTGCCTGGGCATTGCGAGTCATATCTCTCCCTTAACGAGGCTGTCCATACATACTGTTCAGCCGGTGCGGATGTGAGTTTGGCCCCTTGTTCTTTGCTACGGGGGGTCTAAGAGCTGCATGGGCTTTTGATGGTCCTAAATACGGCAAGAGGTGGACGAACTATGCTACAGCAAAATTGTTGTGCAAAGGCCCCGGGTTGTCGTATTAGATGGGCCACCGTAATCTGAAGACCCTTTTGAACCCCATTGGAGGCCCATCAACCCATGATCAGTTGATGGCCATTTGGTTGCGACCCCAGGTCAGGTGAGGCAACCCCTGAGTTTAGCA,179,194,186,185,50.134408602150536,49.865591397849464
gi|2765564|emb|Z78439.1|PBZ78439 P.barbatum 5.8S rRNA gene and ITS1 and ITS2 DNA,CATTGTTGAGATCACATAATAATTGATCGAGTTAATCTGGAGGATCTGTTTACTTTGGTCACCCATGGGCATTTGCTGTTGAAGTGACCTAGATTTGCCATCGAGCCTCCTTGGGAGCTTTCTTGTTGGCGAGATCTAAACCCCTGCCCGGCGGAGTTGGGCGCCAAGTCATATGACACATAATTGGTGAAGGGGGTGGTAATCCTGCCCTGACCCTCCCCAAATTATTTTTTTAACAACTCTCAGCAACGGATATCTCGGCTCTTGCATCGATGAAGAACGCAGCGAAATGCGATAATGGTGTGAATTGCAGAATCCCGTGAACATCGAGTCTTTGAACGCAAGTTGCGCCCGAGGCCATCAGGCCAAGGGCACGCCTGCCTGGGCATTGCGAGTCATATCTCTCCCTTAATGAGGCTGTCCATACATACTGTTCAGCCGGTGCGGATGTGAGTTTGGCCCCTTGTTCTTTGGTACGGGGGGTCTAAGAGCTGCATGGGCTTTGGATGGTCCTAAATACGGAAAGAGGTGGACGAACTATGCTACAACAAAATTGTTGTGCAAATGCCCCGGTTGGCCGTTTAGTTGGGCC,135,161,160,136,50.0,50.0
